date/time (Australia/Melbourne),hub serial,Demo:outside temp,Hive 1:weights,Hive 2:weights,Hive 3:weights,Hive 4:weights,"location (lat,long +/- radius)"
2000-01-01 11:00:53,H0,,0.0,,,,
2000-01-01 11:42:53,H0,,40.2,27.0,12.8,0.0,
2012-11-17 07:24:45,H0,,0.0,,,,
2012-11-17 08:01:51,H0,,0.0,,,,
2012-11-17 08:11:20,H0,,0.0,,,,
2012-11-17 08:24:45,H0,,0.0,,,,
2012-11-17 09:01:51,H0,,0.0,,,,
2012-11-17 09:11:20,H0,,0.0,,,,
2012-11-17 09:24:45,H0,,0.0,,,,
2012-11-17 10:01:51,H0,,0.0,,,,
2012-11-17 10:11:20,H0,,0.0,,,,
2012-12-04 14:14:41,H0,,43.0,27.1,16.2,0.0,
2013-01-01 12:57:38,H0,,36.8,,,,
2013-01-01 13:57:43,H0,,38.6,,,,
2013-01-01 14:57:43,H0,,38.6,,,,
2013-01-01 15:20:42,H0,,39.5,37.2,,,
2013-01-01 15:56:17,H0,,41.5,37.3,,,
2013-01-01 15:57:43,H0,,41.5,,,,
2013-01-01 16:57:32,H0,,38.7,37.3,,,
2013-01-01 17:57:32,H0,,41.7,37.3,,,
2013-01-01 18:56:26,H0,,38.9,37.4,,,
2013-01-01 19:56:26,H0,,39.2,37.4,,,
2013-01-01 20:56:26,H0,,39.1,37.4,,,
2013-01-01 21:56:26,H0,,39.0,37.4,,,
2013-01-01 22:56:26,H0,,39.2,37.4,,,
2013-01-01 23:56:26,H0,,39.3,37.6,,,
2013-01-02 00:56:26,H0,,39.1,37.5,,,
2013-01-02 01:56:26,H0,,39.3,37.4,,,
2013-01-02 02:56:26,H0,,39.3,37.4,,,
2013-01-02 03:56:26,H0,,39.2,37.3,,,
2013-01-02 04:56:26,H0,,39.2,37.3,,,
2013-01-02 05:56:26,H0,,39.1,37.3,,,
2013-01-02 06:56:26,H0,,39.0,36.8,,,
2013-01-02 10:29:20,H0,,41.3,,,,
2013-01-02 10:38:32,H0,,40.6,,,,
2013-01-02 10:39:41,H0,,40.3,,,,
2013-01-02 19:57:16,H0,,39.2,37.4,,,
2013-01-02 20:57:16,H0,,39.0,37.4,,,
2013-01-02 21:57:16,H0,,39.1,37.4,,,
2013-01-02 22:57:16,H0,,39.2,37.4,,,
2013-01-02 23:57:16,H0,,39.2,37.4,,,
2013-01-03 00:57:16,H0,,39.3,37.4,,,
2013-01-03 01:57:16,H0,,39.3,37.4,,,
2013-01-03 02:57:16,H0,,39.3,37.4,,,
2013-01-03 03:57:16,H0,,39.2,37.4,,,
2013-01-03 04:57:16,H0,,39.2,37.4,,,
2013-01-03 05:57:16,H0,,38.9,37.3,,,
2013-01-03 06:57:16,H0,,39.0,37.0,,,
2013-01-03 07:57:16,H0,,38.9,36.9,,,
2013-01-03 08:57:44,H0,,38.8,37.0,,,
2013-01-03 09:57:44,H0,,38.5,37.6,,,
2013-01-03 10:57:44,H0,,38.3,37.6,,,
2013-01-03 11:57:44,H0,,38.3,37.7,,,
2013-01-03 12:57:44,H0,,38.2,37.6,,,
2013-01-03 13:57:44,H0,,38.2,37.8,,,
2013-01-03 14:57:44,H0,,38.2,37.8,,,
2013-01-03 15:57:44,H0,,38.4,37.9,,,
2013-01-03 16:57:44,H0,,38.9,37.9,,,
2013-01-03 17:57:44,H0,,39.0,37.8,,,
2013-01-03 18:57:44,H0,,39.3,38.0,,,
2013-01-04 00:09:43,H0,,39.0,38.2,,,
2013-01-04 01:09:43,H0,,39.1,38.2,,,
2013-01-04 02:09:43,H0,,39.2,38.0,,,
2013-01-04 03:19:53,H0,,39.2,38.0,,,
2013-01-04 04:19:53,H0,,39.4,37.9,,,
2013-01-04 05:19:53,H0,,39.4,38.1,,,
2013-01-04 09:40:04,H0,,38.9,37.5,,,
2013-01-04 10:40:04,H0,,38.8,37.7,,,
2013-01-04 11:40:04,H0,,38.9,37.6,,,
2013-01-04 12:45:43,H0,,38.7,37.9,,,
2013-01-04 13:45:43,H0,,38.1,38.2,,,
2013-01-04 14:45:43,H0,,38.0,36.9,,,
2013-01-04 15:50:35,H0,,37.8,37.1,,,
2013-01-04 16:50:35,H0,,38.0,37.3,,,
2013-01-04 17:50:35,H0,,38.2,37.7,,,
2013-01-04 22:05:44,H0,,38.2,38.3,,,
2013-01-04 23:05:44,H0,,38.3,38.2,,,
2013-01-05 00:05:44,H0,,38.3,38.3,,,
2013-01-05 01:16:03,H0,,38.3,38.3,,,
2013-01-05 02:16:03,H0,,38.6,38.2,,,
2013-01-05 03:16:03,H0,,38.2,38.2,,,
2013-01-05 04:26:50,H0,,38.3,38.2,,,
2013-01-05 05:26:50,H0,,38.3,38.3,,,
2013-01-05 06:26:50,H0,,38.3,38.1,,,
2013-01-05 07:37:12,H0,,38.4,38.0,,,
2013-01-05 08:37:12,H0,,38.3,37.9,,,
2013-01-05 09:37:12,H0,,38.1,37.8,,,
2013-01-05 10:46:26,H0,,38.6,37.7,,,
2013-01-05 11:46:26,H0,,37.3,37.7,,,
2013-01-05 12:46:26,H0,,37.2,37.9,,,
2013-01-05 21:02:18,H0,,77.1,72.0,78.4,71.6,
2013-01-05 22:02:18,H0,,77.2,72.0,78.6,71.4,
2013-01-05 23:36:29,H0,,77.1,72.1,78.7,71.4,
2013-01-06 00:36:29,H0,,77.2,72.0,78.6,71.2,
2013-01-06 01:36:29,H0,,77.1,72.0,78.7,71.1,
2013-01-06 18:35:34,H0,,77.1,72.1,78.6,71.9,
2013-01-06 19:35:34,H0,,77.2,72.1,78.7,71.9,
2013-01-06 20:35:34,H0,,77.2,72.2,78.7,71.7,
2013-01-07 00:56:01,H0,,77.1,72.3,78.8,71.2,
2013-01-07 01:56:01,H0,,77.5,72.3,78.9,71.3,
2013-01-07 02:56:01,H0,,77.4,72.2,78.7,71.2,
2013-01-07 04:06:45,H0,,77.3,72.2,79.1,71.2,
2013-01-07 05:06:45,H0,,77.3,72.0,78.7,71.0,
2013-01-07 06:06:45,H0,,77.1,72.0,78.7,71.1,
2013-01-07 07:06:52,H0,,77.1,71.8,78.4,71.1,
2013-01-07 08:06:52,H0,,77.1,71.6,78.5,71.3,
2013-01-07 09:06:52,H0,,77.1,71.4,78.4,71.6,
2013-01-07 10:27:43,H0,,77.1,71.4,78.2,71.9,
2013-01-07 11:27:43,H0,,77.1,71.9,78.3,72.1,
2013-01-07 12:27:43,H0,,77.1,71.9,78.1,72.0,
2013-01-07 13:36:45,H0,,77.1,72.2,78.2,71.9,
2013-01-07 14:36:45,H0,,77.1,72.0,78.3,72.1,
2013-01-07 15:36:45,H0,,77.1,72.1,78.3,72.1,
2013-01-07 16:45:31,H0,,77.0,72.0,78.3,71.9,
2013-01-07 17:45:31,H0,,77.1,72.1,78.5,72.0,
2013-01-07 18:45:31,H0,,77.1,72.3,78.6,71.9,
2013-01-07 19:55:11,H0,,77.1,72.5,78.9,71.9,
2013-01-07 20:55:11,H0,,77.4,72.5,79.0,71.6,
2013-01-07 21:55:11,H0,,77.3,72.4,79.0,71.4,
2013-01-07 23:05:32,H0,,77.1,72.4,78.7,71.4,
2013-01-08 00:05:32,H0,,77.1,72.3,78.8,71.3,
2013-01-08 01:05:32,H0,,77.1,72.4,78.7,71.2,
2013-01-08 02:15:49,H0,,77.1,72.3,78.9,71.4,
2013-01-08 03:15:49,H0,,77.1,72.4,79.1,71.4,
2013-01-08 04:15:49,H0,,77.3,72.3,79.2,71.4,
2013-01-08 05:27:00,H0,,77.1,72.3,79.1,71.2,
2013-01-08 06:27:00,H0,,77.1,72.2,78.9,71.0,
2013-01-08 07:27:00,H0,,77.1,72.0,78.7,71.2,
2013-01-08 14:51:45,H0,,77.0,72.0,78.1,73.0,
2013-01-08 15:51:45,H0,,77.1,72.0,78.3,73.1,
2013-01-08 16:51:45,H0,,77.1,72.2,78.6,72.6,
2013-01-08 17:56:41,H0,,77.1,72.1,78.6,72.4,
2013-01-08 18:56:41,H0,,77.1,72.4,78.9,72.4,
2013-01-08 19:56:41,H0,,77.1,72.6,79.1,72.2,
2013-01-09 03:26:34,H0,,77.1,72.5,79.1,71.3,
2013-01-09 04:26:34,H0,,77.1,72.4,78.9,71.3,
2013-01-09 05:26:34,H0,,77.1,72.4,78.9,71.3,
2013-01-09 06:36:42,H0,,77.1,72.3,79.0,71.5,
2013-01-09 07:36:42,H0,,77.1,72.3,78.7,71.5,
2013-01-09 08:36:42,H0,,77.1,72.2,78.7,71.6,
2013-01-09 13:50:05,H0,,76.9,72.3,78.1,73.1,
2013-01-09 14:50:05,H0,,76.7,72.2,78.1,73.3,
2013-01-09 15:50:05,H0,,76.7,72.2,78.2,73.3,
2013-01-09 16:58:34,H0,,76.8,72.4,78.4,73.0,
2013-01-09 17:58:34,H0,,76.7,72.4,78.4,72.8,
2013-01-09 18:58:34,H0,,76.8,72.5,78.5,72.6,
2013-01-09 19:58:34,H0,,77.2,72.9,79.2,72.5,
2013-01-09 20:58:34,H0,,77.1,72.9,79.1,72.2,
2013-01-09 21:58:34,H0,,77.1,72.9,79.1,71.9,
2013-01-09 22:58:34,H0,,77.1,73.0,79.2,71.8,
2013-01-09 23:58:34,H0,,77.1,72.9,79.2,71.7,
2013-01-10 00:58:34,H0,,77.1,72.9,79.1,71.4,
2013-01-10 01:58:34,H0,,77.1,72.8,79.1,71.6,
2013-01-10 02:58:34,H0,,77.1,72.7,79.0,71.5,
2013-01-10 14:59:26,H0,,77.3,73.4,79.5,72.4,
2013-01-10 15:59:26,H0,,77.1,73.4,79.3,71.9,
2013-01-11 05:02:56,H0,,77.1,73.0,79.2,71.3,
2013-01-11 06:02:56,H0,,77.1,72.9,79.1,71.2,
2013-01-11 07:02:56,H0,,77.1,72.6,79.1,71.5,
2013-01-11 08:02:56,H0,,77.1,72.5,79.0,71.6,
2013-01-11 09:02:56,H0,,77.1,72.4,78.9,71.8,
2013-01-11 10:02:56,H0,,77.1,72.5,79.0,72.1,
2013-01-11 11:02:56,H0,,77.1,72.6,78.7,72.8,
2013-01-11 12:02:56,H0,,77.1,72.9,78.5,73.0,
2013-01-11 13:02:56,H0,,77.0,73.0,78.4,73.0,
2013-01-11 14:02:56,H0,,76.9,72.8,78.2,73.3,
2013-01-11 15:02:56,H0,,76.7,72.8,78.1,73.0,
2013-01-11 16:03:21,H0,,76.9,72.9,78.5,72.8,
2013-01-11 17:03:21,H0,,77.0,73.0,78.7,72.6,
2013-01-11 19:07:42,H0,,77.1,73.2,79.1,72.4,
2013-01-11 20:07:42,H0,,77.1,73.4,79.2,72.4,
2013-01-11 21:07:42,H0,,77.2,73.3,79.4,72.1,
2013-01-11 22:07:42,H0,,77.1,73.2,79.2,71.9,
2013-01-11 23:07:42,H0,,77.1,73.4,79.2,71.7,
2013-01-12 00:07:42,H0,,77.1,73.2,79.1,71.8,
2013-01-12 01:07:42,H0,,77.1,73.3,79.0,71.8,
2013-01-12 02:07:42,H0,,77.1,73.2,79.2,71.7,
2013-01-12 03:07:42,H0,,77.1,73.1,79.1,71.5,
2013-01-12 04:07:42,H0,,77.1,73.0,79.1,71.6,
2013-01-12 05:07:42,H0,,77.1,72.9,79.0,71.6,
2013-01-12 06:08:07,H0,,77.1,72.9,79.1,71.5,
2013-01-12 07:08:07,H0,,77.0,72.7,78.9,71.4,
2013-01-12 08:08:07,H0,,77.1,72.6,78.7,71.7,
2013-01-12 09:08:07,H0,,76.9,72.8,78.7,71.9,
2013-01-12 10:08:07,H0,,77.1,72.8,78.7,72.7,
2013-01-12 11:08:07,H0,,77.0,73.0,78.5,73.1,
2013-01-12 12:08:07,H0,,76.8,73.2,78.5,73.0,
2013-01-12 13:08:07,H0,,76.8,73.2,78.3,73.1,
2013-01-12 14:08:07,H0,,76.8,73.1,78.2,73.1,
2013-01-12 15:08:07,H0,,76.9,73.2,78.3,73.1,
2013-01-12 16:08:07,H0,,77.0,73.3,78.7,72.9,
2013-01-12 17:08:32,H0,,76.8,73.4,78.4,72.6,
2013-01-12 18:08:32,H0,,77.0,73.5,78.7,72.6,
2013-01-13 18:10:34,H0,,77.0,74.0,78.8,72.6,
2013-01-13 19:10:34,H0,,77.1,74.3,79.2,72.4,
2013-01-13 21:09:22,H0,,77.1,74.2,79.1,72.1,
2013-01-13 22:09:22,H0,,77.1,74.3,79.2,71.9,
2013-01-13 23:09:22,H0,,77.1,74.4,79.3,71.8,
2013-01-14 00:09:22,H0,,77.1,74.2,79.2,71.5,
2013-01-14 01:09:22,H0,,77.1,74.3,79.2,71.5,
2013-01-14 02:09:22,H0,,77.1,74.3,79.3,71.4,
2013-01-14 03:09:22,H0,,77.1,74.3,79.2,71.3,
2013-01-14 04:09:22,H0,,77.1,74.1,79.3,71.3,
2013-01-14 05:09:22,H0,,77.1,74.2,79.3,71.2,
2013-01-14 06:09:22,H0,,77.1,74.0,79.1,71.2,
2013-01-14 07:09:22,H0,,77.1,73.8,78.9,71.2,
2013-01-14 08:09:47,H0,,77.1,73.8,78.7,71.4,
2013-01-14 09:09:47,H0,,77.0,73.8,78.7,71.9,
2013-01-14 10:09:47,H0,,77.0,73.9,78.7,72.2,
2013-01-14 11:09:47,H0,,77.0,73.8,78.6,72.5,
2013-01-14 12:09:47,H0,,76.9,73.8,78.4,72.7,
2013-01-14 13:09:47,H0,,76.7,73.9,78.2,72.6,
2013-01-14 14:09:47,H0,,76.8,73.9,78.3,72.7,
2013-01-14 15:09:47,H0,,77.2,74.2,78.9,72.5,
2013-01-14 16:09:47,H0,,77.1,74.2,78.9,71.8,
2013-01-14 17:09:47,H0,,77.1,74.3,79.1,71.8,
2013-01-14 18:09:47,H0,,77.1,74.4,79.0,71.6,
2013-01-14 19:10:12,H0,,77.1,74.3,79.4,71.4,
2013-01-14 20:10:12,H0,,77.1,74.5,79.2,71.5,
2013-01-14 22:16:51,H0,,77.1,74.4,79.2,71.3,
2013-01-14 23:16:51,H0,,77.1,74.3,79.2,71.3,
2013-01-15 00:16:51,H0,,77.1,74.2,79.2,71.2,
2013-01-15 01:16:51,H0,,77.2,74.3,79.1,71.2,
2013-01-15 02:16:51,H0,,77.1,74.3,79.1,71.2,
2013-01-15 03:16:51,H0,,77.1,74.2,79.3,71.2,
2013-01-15 04:16:51,H0,,77.1,74.2,79.3,71.2,
2013-01-15 05:16:51,H0,,77.1,74.2,79.3,71.0,
2013-01-15 06:16:51,H0,,77.1,74.0,79.2,70.9,
2013-01-15 07:16:51,H0,,77.1,74.1,79.2,70.9,
2013-01-15 08:16:51,H0,,77.1,74.0,79.2,70.9,
2013-01-15 09:17:16,H0,,77.1,73.9,79.2,70.9,
2013-01-15 10:17:16,H0,,77.1,73.7,79.0,70.9,
2013-01-15 11:17:16,H0,,77.1,73.5,78.8,71.1,
2013-01-15 12:17:16,H0,,77.1,73.4,78.8,71.3,
2013-01-15 13:17:16,H0,,77.0,73.6,78.8,71.6,
2013-01-15 14:17:16,H0,,46.5,50.4,47.0,46.4,
2013-01-15 15:17:16,H0,,46.6,50.7,47.1,46.4,
2013-01-15 16:17:16,H0,,46.5,50.8,47.1,46.4,
2013-01-15 17:17:16,H0,,46.7,50.9,47.2,46.3,
2013-01-15 18:17:16,H0,,46.7,50.9,47.4,46.1,
2013-01-15 19:17:16,H0,,46.7,51.0,47.5,46.0,
2013-01-15 20:17:41,H0,,46.8,51.0,47.5,45.9,
2013-01-15 21:17:41,H0,,46.9,51.0,47.6,46.1,
2013-01-15 23:32:27,H0,,46.9,51.0,47.5,45.8,
2013-01-16 00:32:27,H0,,46.8,51.0,47.5,45.8,
2013-01-16 01:32:27,H0,,46.8,51.0,47.5,45.8,
2013-01-16 02:32:27,H0,,46.7,50.9,47.5,45.7,
2013-01-16 03:32:27,H0,,46.6,50.8,47.5,45.6,
2013-01-16 04:32:27,H0,,46.6,50.7,47.5,45.8,
2013-01-16 05:32:27,H0,,46.9,50.8,47.7,45.8,
2013-01-16 06:32:27,H0,,46.8,50.7,47.5,45.6,
2013-01-16 07:32:27,H0,,46.6,50.2,47.4,45.8,
2013-01-16 08:32:27,H0,,46.7,50.0,47.2,45.9,
2013-01-16 09:32:27,H0,,46.5,50.2,47.0,46.5,
2013-01-16 10:32:52,H0,,46.4,50.3,46.9,47.1,
2013-01-16 11:32:52,H0,,46.3,50.4,46.7,47.2,
2013-01-16 12:32:52,H0,,46.2,50.4,46.6,47.2,
2013-01-16 13:32:52,H0,,46.3,50.5,46.7,46.9,
2013-01-16 14:32:52,H0,,46.1,50.6,46.5,47.2,
2013-01-16 15:32:52,H0,,46.0,50.6,46.7,47.0,
2013-01-16 16:32:52,H0,,46.5,50.8,46.9,46.7,
2013-01-16 17:32:52,H0,,46.4,50.7,47.1,46.7,
2013-01-16 18:32:52,H0,,46.6,50.9,47.3,46.5,
2013-01-16 19:32:52,H0,,46.6,51.0,47.5,46.2,
2013-01-16 20:32:52,H0,,46.6,51.0,47.6,46.0,
2013-01-16 21:33:16,H0,,46.6,51.0,47.6,45.8,
2013-01-16 22:33:16,H0,,46.6,51.0,47.6,45.8,
2013-01-17 00:38:14,H0,,46.6,51.1,47.6,45.6,
2013-01-17 01:38:14,H0,,46.6,51.0,47.8,45.5,
2013-01-17 02:38:14,H0,,46.6,51.1,47.9,45.2,
2013-01-17 03:38:14,H0,,46.6,51.1,47.9,45.2,
2013-01-17 04:38:14,H0,,46.6,51.0,47.8,45.2,
2013-01-17 05:38:14,H0,,46.7,51.0,47.9,45.1,
2013-01-17 06:38:14,H0,,46.6,50.9,47.7,45.0,
2013-01-17 07:38:14,H0,,46.6,50.4,47.5,45.5,
2013-01-17 08:38:14,H0,,46.4,50.5,47.2,45.8,
2013-01-17 09:38:14,H0,,46.4,50.4,47.1,46.4,
2013-01-17 10:38:14,H0,,46.2,50.4,46.9,47.0,
2013-01-17 11:38:40,H0,,46.1,50.5,46.6,47.2,
2013-01-17 12:38:40,H0,,46.0,50.6,46.4,47.2,
2013-01-17 13:38:40,H0,,46.0,50.7,46.4,47.0,
2013-01-17 14:38:40,H0,,45.9,50.4,46.4,47.4,
2013-01-17 15:38:40,H0,,46.1,50.6,46.6,47.2,
2013-01-17 16:38:40,H0,,46.2,50.8,46.9,46.9,
2013-01-17 17:38:40,H0,,46.2,50.8,47.0,46.5,
2013-01-17 18:38:40,H0,,46.5,51.0,47.3,46.5,
2013-01-17 19:38:40,H0,,46.5,51.1,47.5,46.1,
2013-01-17 20:38:40,H0,,46.5,51.1,47.5,45.9,
2013-01-17 21:38:40,H0,,46.6,51.1,47.5,45.8,
2013-01-17 22:39:04,H0,,46.4,51.0,47.4,45.6,
2013-01-17 23:39:04,H0,,46.4,51.0,47.4,45.7,
2013-01-18 01:44:26,H0,,46.5,51.0,47.5,45.6,
2013-01-18 02:44:26,H0,,46.4,51.0,47.5,45.5,
2013-01-18 03:44:26,H0,,46.4,51.0,47.5,45.6,
2013-01-18 04:44:26,H0,,46.3,51.0,47.3,45.5,
2013-01-18 05:44:26,H0,,46.4,51.0,47.5,45.6,
2013-01-18 06:44:26,H0,,46.3,50.8,47.1,45.6,
2013-01-18 07:44:26,H0,,46.3,50.5,47.0,45.7,
2013-01-18 08:44:26,H0,,46.1,50.7,47.0,46.0,
2013-01-18 09:44:26,H0,,46.2,50.8,46.9,46.5,
2013-01-18 10:44:26,H0,,46.2,50.6,46.8,47.0,
2013-01-18 11:44:26,H0,,46.0,50.7,46.5,47.3,
2013-01-18 12:44:51,H0,,45.8,50.8,46.4,47.3,
2013-01-18 13:44:51,H0,,46.0,50.8,46.4,47.3,
2013-01-18 14:44:51,H0,,45.8,50.8,46.3,47.4,
2013-01-18 15:44:51,H0,,46.0,50.8,46.7,47.2,
2013-01-18 16:44:51,H0,,45.9,50.9,46.5,47.0,
2013-01-18 17:44:51,H0,,46.0,51.0,46.9,46.9,
2013-01-18 18:44:51,H0,,46.2,51.2,47.2,46.8,
2013-01-18 19:44:51,H0,,46.4,51.4,47.4,46.5,
2013-01-18 20:44:51,H0,,46.4,51.4,47.5,46.3,
2013-01-18 21:44:51,H0,,46.4,51.4,47.5,46.0,
2013-01-18 22:44:51,H0,,46.3,51.4,47.4,45.9,
2013-01-20 00:48:27,H0,,46.3,51.5,47.5,45.8,
2013-01-20 01:48:27,H0,,46.4,51.5,47.4,45.8,
2013-01-20 03:51:26,H0,,46.3,51.4,47.4,45.8,
2013-01-20 04:51:26,H0,,46.5,51.5,47.5,45.8,
2013-01-20 05:51:26,H0,,46.4,51.3,47.5,45.7,
2013-01-20 06:51:26,H0,,46.3,51.1,47.3,45.5,
2013-01-20 07:51:26,H0,,46.3,51.0,47.1,45.6,
2013-01-20 08:51:26,H0,,46.2,51.0,47.0,46.1,
2013-01-20 09:51:26,H0,,46.1,51.2,46.9,46.5,
2013-01-20 10:51:26,H0,,46.0,51.1,46.9,46.9,
2013-01-20 11:51:26,H0,,45.9,51.0,46.8,47.2,
2013-01-20 12:51:26,H0,,45.8,51.1,46.5,47.2,
2013-01-20 13:51:26,H0,,45.9,51.1,46.5,47.1,
2013-01-20 14:51:51,H0,,45.9,51.0,46.5,47.0,
2013-01-20 15:51:51,H0,,46.2,51.4,47.0,46.5,
2013-01-20 16:51:51,H0,,45.9,51.3,47.0,46.5,
2013-01-20 17:51:51,H0,,45.9,51.5,47.1,46.3,
2013-01-20 18:51:51,H0,,46.2,51.7,47.4,46.2,
2013-01-20 19:51:51,H0,,46.3,51.9,47.5,45.9,
2013-01-20 20:51:51,H0,,46.3,51.9,47.5,45.8,
2013-01-20 21:51:51,H0,,46.3,52.0,47.5,45.8,
2013-01-20 22:51:51,H0,,46.3,51.9,47.5,45.6,
2013-01-20 23:51:51,H0,,46.4,51.9,47.5,45.5,
2013-01-21 00:51:51,H0,,46.1,51.8,47.5,45.4,
2013-01-21 15:57:06,H0,,45.8,51.6,46.7,46.6,
2013-01-21 16:57:06,H0,,45.8,51.6,46.8,46.4,
2013-01-21 17:57:06,H0,,46.0,51.7,47.2,46.5,
2013-01-21 18:57:06,H0,,46.2,51.8,47.4,46.2,
2013-01-21 19:57:06,H0,,46.1,52.0,47.5,46.0,
2013-01-21 20:57:06,H0,,46.2,51.9,47.5,45.8,
2013-01-21 21:57:06,H0,,46.3,51.9,47.5,45.8,
2013-01-21 22:57:06,H0,,46.1,51.9,47.4,45.7,
2013-01-21 23:57:06,H0,,46.2,52.1,47.5,45.6,
2013-01-22 00:57:06,H0,,46.2,51.8,47.5,45.6,
2013-01-22 01:57:06,H0,,46.0,51.8,47.4,45.4,
2013-01-22 02:57:32,H0,,46.1,51.8,47.5,45.5,
2013-01-22 03:57:32,H0,,46.1,51.9,47.3,45.5,
2013-01-22 06:02:47,H0,,46.0,51.7,47.3,45.3,
2013-01-22 07:02:47,H0,,46.1,51.7,47.2,45.4,
2013-01-22 08:02:47,H0,,46.0,51.5,47.1,45.6,
2013-01-22 09:02:47,H0,,46.1,51.4,47.1,45.7,
2013-01-22 10:02:47,H0,,45.8,51.3,47.0,45.8,
2013-01-22 11:02:47,H0,,46.1,51.7,47.0,46.2,
2013-01-22 12:02:47,H0,,45.9,51.5,46.9,46.6,
2013-01-22 13:02:47,H0,,46.1,51.8,47.3,46.8,
2013-01-22 14:02:47,H0,,45.8,51.5,46.9,46.5,
2013-01-22 15:02:47,H0,,45.9,51.7,46.9,46.5,
2013-01-22 16:02:47,H0,,46.3,52.1,47.6,46.6,
2013-01-22 17:03:12,H0,,46.2,51.8,47.4,46.1,
2013-01-22 18:03:12,H0,,46.1,51.9,47.4,46.0,
2013-01-22 19:03:12,H0,,46.3,52.0,47.7,46.0,
2013-01-22 20:03:12,H0,,46.4,52.0,47.6,45.8,
2013-01-22 21:03:12,H0,,46.3,52.1,47.7,45.7,
2013-01-22 22:03:12,H0,,46.3,52.1,47.7,45.6,
2013-01-22 23:03:12,H0,,46.1,52.1,47.5,45.6,
2013-01-23 00:03:12,H0,,46.2,51.9,47.7,45.5,
2013-01-23 01:03:12,H0,,46.1,51.9,47.6,45.4,
2013-01-23 02:03:12,H0,,46.2,51.8,47.5,45.2,
2013-01-23 03:03:12,H0,,46.2,51.9,47.5,45.3,
2013-01-23 04:03:37,H0,,46.1,51.7,47.5,45.3,
2013-01-23 05:03:37,H0,,46.1,51.6,47.6,45.2,
2013-01-23 07:13:57,H0,,46.1,51.4,47.5,45.1,
2013-01-23 08:13:57,H0,,46.0,51.2,47.4,45.4,
2013-01-23 09:13:57,H0,,46.0,51.0,47.2,45.8,
2013-01-23 10:13:57,H0,,45.9,51.4,47.3,46.1,
2013-01-23 11:13:57,H0,,45.8,51.6,47.1,46.5,
2013-01-23 12:13:57,H0,,45.8,51.8,47.2,46.5,
2013-01-23 13:13:57,H0,,45.8,51.8,46.9,46.5,
2013-01-23 14:13:57,H0,,45.7,51.6,46.9,46.7,
2013-01-23 15:13:57,H0,,45.7,51.6,46.9,46.8,
2013-01-23 16:13:57,H0,,45.8,51.7,46.8,46.5,
2013-01-23 17:13:57,H0,,45.7,51.8,47.1,46.5,
2013-01-24 05:14:49,H0,,45.9,51.7,47.5,45.2,
2013-01-24 06:14:49,H0,,46.0,51.6,47.4,45.1,
2013-01-24 08:22:44,H0,,46.1,51.9,47.6,45.3,
2013-01-24 09:22:44,H0,,46.1,51.9,47.6,45.2,
2013-01-24 10:22:44,H0,,46.1,51.8,47.7,45.3,
2013-01-24 11:22:44,H0,,45.9,51.7,47.6,45.3,
2013-01-24 12:22:44,H0,,46.2,51.5,47.5,45.4,
2013-01-24 13:22:44,H0,,46.1,51.4,47.6,45.3,
2013-01-24 14:22:44,H0,,46.0,51.1,47.5,45.2,
2013-01-24 15:22:44,H0,,46.2,51.1,47.5,45.3,
2013-01-24 16:22:44,H0,,46.4,51.2,47.6,45.3,
2013-01-24 17:22:44,H0,,46.3,51.3,47.8,45.2,
2013-01-25 07:23:23,H0,,44.1,52.4,45.2,48.5,
2013-01-25 09:53:01,H0,,44.1,52.2,45.1,48.6,
2013-01-25 10:53:01,H0,,44.2,52.3,44.9,48.8,
2013-01-25 11:53:01,H0,,44.6,52.3,44.8,48.9,
2013-01-25 12:53:01,H0,,44.8,52.1,44.9,49.3,
2013-01-25 13:53:01,H0,,45.4,52.0,44.6,49.3,
2013-01-25 14:53:01,H0,,45.7,52.1,44.7,49.3,
2013-01-25 15:53:01,H0,,46.0,52.5,45.0,49.1,
2013-01-26 11:06:40,H0,,0.0,0.0,0.0,0.0,
2013-01-29 13:56:57,H0,,39.8,51.1,42.8,49.7,
2013-01-30 16:04:13,H0,,46.7,52.2,44.7,50.7,
2013-01-30 17:04:13,H0,,46.9,52.3,44.8,50.6,
2013-01-30 18:04:13,H0,,46.9,52.6,45.0,50.6,
2013-01-30 19:04:13,H0,,47.3,52.9,45.7,50.6,
2013-01-30 20:04:13,H0,,47.3,53.0,45.8,50.3,
2013-01-30 21:04:13,H0,,47.3,53.1,45.8,50.1,
2013-01-30 22:04:13,H0,,47.4,53.2,45.9,50.0,
2013-01-30 23:04:13,H0,,47.3,53.2,45.7,49.9,
2013-01-31 00:04:13,H0,,47.1,53.3,45.8,49.7,
2013-01-31 01:04:13,H0,,47.3,53.3,45.9,49.8,
2013-01-31 02:04:13,H0,,47.2,53.2,45.8,49.7,
2013-01-31 14:05:03,H0,,47.0,53.3,45.0,50.8,
2013-01-31 15:05:03,H0,,47.0,53.5,44.8,51.2,
2013-01-31 17:03:09,H0,,47.2,53.6,45.2,51.2,
2013-01-31 18:03:09,H0,,47.5,53.8,45.2,51.2,
2013-01-31 19:03:09,H0,,47.6,54.2,46.0,51.1,
2013-01-31 20:03:09,H0,,47.7,54.4,46.2,50.8,
2013-01-31 21:03:09,H0,,47.7,54.3,46.3,50.7,
2013-01-31 22:03:09,H0,,47.6,54.4,46.2,50.5,
2013-01-31 23:03:09,H0,,47.6,54.6,46.3,50.5,
2013-02-01 00:03:09,H0,,47.7,54.4,46.3,50.3,
2013-02-01 01:03:09,H0,,47.6,54.3,46.2,50.4,
2013-02-01 02:03:09,H0,,47.5,54.2,46.2,50.1,
2013-02-01 03:03:09,H0,,47.6,54.3,46.1,50.0,
2013-02-01 04:03:34,H0,,47.5,54.3,46.3,50.2,
2013-02-01 05:03:34,H0,,47.4,54.3,46.3,50.0,
2013-02-01 06:03:34,H0,,47.4,54.2,46.2,50.0,
2013-02-01 07:03:34,H0,,47.1,54.2,46.0,50.1,
2013-02-01 08:03:34,H0,,46.8,53.8,46.1,50.3,
2013-02-01 09:03:34,H0,,46.6,53.7,45.6,50.7,
2013-02-01 10:03:34,H0,,46.8,53.6,45.6,50.6,
2013-02-01 11:03:34,H0,,47.0,53.6,45.4,50.8,
2013-02-01 12:03:34,H0,,47.2,53.9,45.5,51.1,
2013-02-01 13:03:34,H0,,47.3,54.2,45.3,51.3,
2013-02-01 14:03:34,H0,,47.5,54.2,45.3,51.4,
2013-02-01 15:03:59,H0,,47.6,54.3,45.4,51.4,
2013-02-01 16:03:59,H0,,47.6,54.5,45.7,51.4,
2013-02-02 05:04:05,H0,,47.7,55.4,47.3,50.6,
2013-02-02 06:04:05,H0,,47.6,55.5,47.2,50.5,
2013-02-02 07:04:05,H0,,47.6,55.2,47.2,50.4,
2013-02-02 08:04:05,H0,,47.3,55.0,46.9,50.4,
2013-02-02 09:04:05,H0,,47.0,54.8,46.5,50.7,
2013-02-02 10:04:05,H0,,47.1,54.4,46.2,50.5,
2013-02-02 11:04:05,H0,,47.4,54.6,45.7,50.1,
2013-02-02 12:04:05,H0,,47.6,54.8,45.6,50.4,
2013-02-02 13:04:05,H0,,47.7,54.9,45.4,50.0,
2013-02-02 14:04:05,H0,,47.9,54.9,45.4,50.0,
2013-02-02 15:04:05,H0,,48.0,55.0,45.4,50.0,
2013-02-02 16:04:30,H0,,48.0,55.0,45.8,49.8,
2013-02-02 17:04:30,H0,,48.1,55.1,45.8,49.6,
2013-02-02 19:08:09,H0,,48.3,55.4,46.4,49.5,
2013-02-02 20:08:09,H0,,48.5,55.8,46.8,49.3,
2013-02-02 21:08:09,H0,,48.5,55.7,46.9,48.9,
2013-02-02 22:08:09,H0,,48.3,55.6,46.6,48.9,
2013-02-02 23:08:09,H0,,48.5,55.8,46.9,49.0,
2013-02-03 00:08:09,H0,,48.5,55.9,46.9,48.8,
2013-02-03 01:08:09,H0,,48.5,55.8,46.9,48.9,
2013-02-03 02:08:09,H0,,48.5,55.7,47.0,48.8,
2013-02-03 03:08:09,H0,,48.5,55.7,47.0,48.7,
2013-02-03 04:08:09,H0,,48.5,55.7,46.9,48.5,
2013-02-03 05:08:09,H0,,48.4,55.6,46.8,48.4,
2013-02-03 06:08:34,H0,,48.2,55.5,46.8,48.3,
2013-02-03 07:08:34,H0,,48.1,55.6,46.7,48.3,
2013-02-03 08:08:34,H0,,47.8,55.1,46.4,48.6,
2013-02-03 09:08:34,H0,,47.6,55.0,46.1,48.7,
2013-02-03 10:08:34,H0,,47.6,54.8,45.8,48.9,
2013-02-03 11:08:34,H0,,48.1,55.0,45.9,49.3,
2013-02-03 12:08:34,H0,,48.1,55.0,45.9,49.3,
2013-02-03 13:08:34,H0,,48.1,55.0,45.8,49.4,
2013-02-03 14:08:34,H0,,48.3,55.2,45.8,49.8,
2013-02-03 15:08:34,H0,,48.2,55.2,45.7,49.6,
2013-02-03 16:08:34,H0,,48.3,55.5,46.2,49.7,
2013-02-03 17:08:59,H0,,48.5,55.4,45.9,49.6,
2013-02-03 18:08:59,H0,,48.7,55.8,46.8,49.3,
2013-02-03 20:18:02,H0,,48.7,56.1,47.1,49.2,
2013-02-03 21:18:02,H0,,48.8,56.2,47.1,48.8,
2013-02-03 22:18:02,H0,,48.8,56.1,47.0,48.6,
2013-02-03 23:18:02,H0,,48.8,55.9,46.9,48.5,
2013-02-04 00:18:02,H0,,48.7,55.9,47.0,48.6,
2013-02-04 01:18:02,H0,,48.7,56.1,47.2,48.6,
2013-02-04 02:18:02,H0,,48.8,56.0,47.1,48.6,
2013-02-04 03:18:02,H0,,48.7,56.0,47.0,48.6,
2013-02-04 04:18:02,H0,,48.8,55.9,47.2,48.5,
2013-02-04 05:18:02,H0,,48.6,56.0,47.1,48.2,
2013-02-04 06:18:02,H0,,48.7,55.9,46.9,48.5,
2013-02-04 18:18:53,H0,,49.1,56.1,46.9,50.2,
2013-02-04 19:18:53,H0,,49.2,56.2,46.9,50.3,
2013-02-06 23:45:07,H0,,49.9,56.5,47.0,50.8,
2013-02-07 00:45:07,H0,,49.9,56.5,47.2,50.7,
2013-02-07 01:45:07,H0,,49.9,56.3,47.1,50.6,
2013-02-07 02:45:07,H0,,49.9,56.4,47.0,50.5,
2013-02-07 03:45:07,H0,,49.9,56.5,46.9,50.6,
2013-02-07 04:45:07,H0,,49.8,56.3,47.0,50.5,
2013-02-07 05:45:07,H0,,49.7,56.3,47.0,50.4,
2013-02-07 06:45:07,H0,,49.6,56.4,46.9,50.7,
2013-02-07 07:45:07,H0,,49.4,56.4,46.9,50.7,
2013-02-07 08:45:07,H0,,49.3,56.1,46.5,51.1,
2013-02-07 09:45:07,H0,,49.2,56.0,46.4,51.3,
2013-02-07 10:45:33,H0,,49.2,55.9,46.4,51.7,
2013-02-07 11:45:33,H0,,49.4,55.9,46.3,52.1,
2013-02-07 12:45:33,H0,,49.4,55.9,46.4,52.2,
2013-02-07 13:45:33,H0,,49.6,56.1,46.0,52.1,
2013-02-07 14:45:33,H0,,49.6,56.0,46.2,52.1,
2013-02-07 15:45:33,H0,,49.7,56.0,46.3,52.2,
2013-02-07 16:45:33,H0,,49.8,56.1,46.4,52.1,
2013-02-07 17:45:33,H0,,50.0,56.3,46.7,52.1,
2013-02-07 18:45:33,H0,,50.0,56.7,46.9,51.7,
2013-02-07 19:45:33,H0,,50.1,56.7,47.1,51.7,
2013-02-07 20:45:33,H0,,50.1,56.7,47.1,51.6,
2013-02-07 21:45:58,H0,,50.2,56.6,47.1,51.4,
2013-02-07 22:45:58,H0,,50.0,56.6,47.1,51.4,
2013-02-08 00:56:44,H0,,50.2,56.7,47.1,51.4,
2013-02-08 01:56:44,H0,,50.0,56.7,47.0,51.3,
2013-02-08 02:56:44,H0,,50.1,56.6,47.1,51.1,
2013-02-08 03:56:44,H0,,50.1,56.6,47.1,51.0,
2013-02-08 04:56:44,H0,,50.0,56.7,47.1,51.1,
2013-02-08 05:56:44,H0,,50.0,56.6,46.9,50.8,
2013-02-08 06:56:44,H0,,50.0,56.6,46.9,50.8,
2013-02-08 07:56:44,H0,,49.7,56.5,46.8,51.2,
2013-02-08 08:56:44,H0,,49.5,56.1,46.5,51.5,
2013-02-08 09:56:44,H0,,49.6,56.1,46.5,52.1,
2013-02-08 10:56:44,H0,,49.7,56.1,46.4,52.4,
2013-02-08 11:57:08,H0,,49.8,56.0,46.4,52.5,
2013-02-08 12:57:08,H0,,49.9,56.3,46.3,52.6,
2013-02-08 13:57:08,H0,,49.9,56.3,46.2,52.7,
2013-02-08 14:57:08,H0,,50.1,56.3,46.2,52.7,
2013-02-08 15:57:08,H0,,50.0,56.4,46.0,52.8,
2013-02-08 16:57:08,H0,,50.3,56.5,46.3,52.8,
2013-02-08 17:57:08,H0,,50.4,56.6,46.8,52.7,
2013-02-08 18:57:08,H0,,50.5,56.7,46.9,52.7,
2013-02-08 19:57:08,H0,,50.4,56.8,46.9,52.4,
2013-02-08 20:57:08,H0,,50.6,56.8,47.0,52.1,
2013-02-08 21:57:08,H0,,50.6,56.9,47.0,52.1,
2013-02-08 22:57:33,H0,,50.5,56.8,47.0,52.2,
2013-02-08 23:57:33,H0,,50.5,56.9,47.0,51.9,
2013-02-09 02:05:07,H0,,50.5,56.7,47.0,51.9,
2013-02-09 03:05:07,H0,,50.4,56.9,47.0,51.7,
2013-02-09 04:05:07,H0,,50.6,56.8,47.0,51.7,
2013-02-09 05:05:07,H0,,50.4,56.8,47.1,51.8,
2013-02-09 06:05:07,H0,,50.3,56.8,47.1,51.5,
2013-02-09 07:05:07,H0,,50.2,56.7,47.1,51.5,
2013-02-09 08:05:07,H0,,50.0,56.7,46.9,51.9,
2013-02-09 09:05:07,H0,,50.1,56.5,46.7,52.3,
2013-02-09 10:05:07,H0,,50.1,56.4,46.4,52.4,
2013-02-09 11:05:07,H0,,49.9,56.4,46.4,52.9,
2013-02-09 12:05:07,H0,,50.2,56.5,46.2,53.2,
2013-02-09 13:05:33,H0,,50.1,56.7,46.2,53.3,
2013-02-09 14:05:33,H0,,50.4,56.6,46.3,53.4,
2013-02-09 15:05:33,H0,,50.4,56.6,46.3,53.6,
2013-02-09 16:05:33,H0,,50.7,56.8,46.5,53.5,
2013-02-09 17:05:33,H0,,50.7,56.8,46.5,53.5,
2013-02-09 18:05:33,H0,,51.0,57.0,46.8,53.5,
2013-02-09 19:05:33,H0,,51.0,57.3,46.9,53.5,
2013-02-09 20:05:33,H0,,51.0,57.4,47.0,53.1,
2013-02-09 21:05:33,H0,,51.0,57.2,46.9,53.3,
2013-02-09 22:05:33,H0,,51.0,57.3,47.0,53.0,
2013-02-09 23:05:33,H0,,51.0,57.4,47.2,53.1,
2013-02-10 00:05:57,H0,,51.0,57.3,47.2,52.9,
2013-02-10 01:05:57,H0,,51.0,57.3,47.2,52.8,
2013-02-10 03:12:50,H0,,51.0,57.3,47.1,52.8,
2013-02-10 04:12:50,H0,,51.0,57.4,47.4,52.6,
2013-02-10 05:12:50,H0,,51.0,57.4,47.4,52.5,
2013-02-10 06:12:50,H0,,51.0,57.3,47.3,52.1,
2013-02-10 07:12:50,H0,,51.0,57.3,47.1,52.4,
2013-02-10 08:12:50,H0,,50.6,57.2,47.0,52.7,
2013-02-10 09:12:50,H0,,50.3,57.0,46.7,53.1,
2013-02-10 10:12:50,H0,,50.4,56.8,46.6,53.4,
2013-02-10 11:12:50,H0,,50.5,56.8,46.6,53.6,
2013-02-10 12:12:50,H0,,50.6,56.8,46.4,54.1,
2013-02-10 13:12:50,H0,,50.7,56.9,46.3,54.4,
2013-02-11 01:13:41,H0,,51.6,57.9,47.5,53.8,
2013-02-11 02:13:41,H0,,51.6,57.7,47.4,53.6,
2013-02-11 04:16:25,H0,,51.5,57.8,47.5,53.7,
2013-02-11 05:16:25,H0,,51.5,57.8,47.3,53.6,
2013-02-11 06:16:25,H0,,51.5,57.8,47.4,53.5,
2013-02-11 07:16:25,H0,,51.3,57.7,47.1,53.5,
2013-02-11 08:16:25,H0,,51.3,57.7,47.2,53.6,
2013-02-11 09:16:25,H0,,51.2,57.5,47.0,54.2,
2013-02-11 10:16:25,H0,,51.0,57.4,46.9,54.3,
2013-02-11 11:16:25,H0,,51.1,57.4,46.8,54.8,
2013-02-11 12:16:25,H0,,51.1,57.6,46.8,55.0,
2013-02-11 13:16:25,H0,,51.2,57.5,46.6,55.2,
2013-02-11 14:16:25,H0,,51.3,57.5,46.5,55.2,
2013-02-11 15:16:50,H0,,51.4,57.6,46.5,55.3,
2013-02-11 16:16:50,H0,,51.7,57.7,46.6,55.5,
2013-02-11 17:16:50,H0,,51.9,57.6,46.8,55.4,
2013-02-11 18:16:50,H0,,52.0,57.9,47.1,55.4,
2013-02-11 19:16:50,H0,,52.1,58.2,47.5,55.3,
2013-02-11 20:16:50,H0,,52.1,58.2,47.5,55.0,
2013-02-11 21:16:50,H0,,52.0,58.3,47.5,54.8,
2013-02-11 22:16:50,H0,,52.1,58.3,47.5,54.7,
2013-02-11 23:16:50,H0,,52.1,58.4,47.5,54.6,
2013-02-12 00:16:50,H0,,52.1,58.2,47.5,54.4,
2013-02-12 01:16:50,H0,,52.1,58.3,47.5,54.5,
2013-02-12 02:17:16,H0,,52.1,58.2,47.6,54.3,
2013-02-12 03:17:16,H0,,52.1,58.2,47.7,54.2,
2013-02-12 16:20:42,H0,,52.1,58.2,47.0,56.0,
2013-02-12 17:20:42,H0,,52.3,58.2,47.2,56.1,
2013-02-12 18:20:42,H0,,52.5,58.4,47.6,56.1,
2013-02-12 19:20:42,H0,,52.6,58.7,47.6,56.1,
2013-02-12 20:20:42,H0,,52.5,58.7,47.8,55.8,
2013-02-12 21:20:42,H0,,52.4,58.6,47.8,55.6,
2013-02-12 22:20:42,H0,,52.3,58.7,47.8,55.7,
2013-02-12 23:20:42,H0,,52.5,58.7,47.7,55.5,
2013-02-13 00:20:42,H0,,52.4,58.8,47.9,55.3,
2013-02-13 01:20:42,H0,,52.4,58.9,47.9,55.2,
2013-02-13 02:20:42,H0,,52.4,58.8,47.9,55.1,
2013-02-13 03:21:08,H0,,52.4,58.6,48.0,54.9,
2013-02-13 04:21:08,H0,,52.4,58.7,48.0,54.9,
2013-02-13 06:27:27,H0,,52.3,58.7,47.9,54.8,
2013-02-13 07:27:27,H0,,52.3,58.7,47.8,54.6,
2013-02-13 08:27:27,H0,,52.1,58.6,47.5,55.1,
2013-02-13 09:27:27,H0,,52.1,58.3,47.5,55.5,
2013-02-13 10:27:27,H0,,52.1,58.4,47.5,55.5,
2013-02-13 11:27:27,H0,,52.1,58.4,47.3,55.8,
2013-02-13 12:27:27,H0,,52.0,58.3,47.2,55.9,
2013-02-13 13:27:27,H0,,52.1,58.3,47.2,56.2,
2013-02-13 14:27:27,H0,,52.2,58.4,47.3,56.2,
2013-02-13 15:27:27,H0,,52.4,58.6,47.5,56.3,
2013-02-13 16:27:27,H0,,52.4,58.5,47.5,56.3,
2013-02-13 17:27:52,H0,,52.5,58.6,47.4,56.4,
2013-02-13 18:27:52,H0,,52.6,59.0,48.0,56.5,
2013-02-13 19:27:52,H0,,52.6,59.2,48.1,56.1,
2013-02-13 20:27:52,H0,,52.8,59.2,48.1,56.0,
2013-02-13 21:27:52,H0,,52.8,59.2,48.1,55.7,
2013-02-13 22:27:52,H0,,52.7,59.2,48.2,55.5,
2013-02-13 23:27:52,H0,,52.8,59.2,48.2,55.7,
2013-02-14 00:27:52,H0,,52.9,59.2,48.1,55.4,
2013-02-14 01:27:52,H0,,52.8,59.2,48.1,55.3,
2013-02-14 02:27:52,H0,,52.7,59.1,48.2,55.1,
2013-02-14 03:27:52,H0,,52.8,59.1,48.1,55.2,
2013-02-14 04:28:17,H0,,52.7,59.2,48.1,55.2,
2013-02-14 05:28:17,H0,,52.6,59.2,48.1,55.1,
2013-02-14 07:39:59,H0,,52.6,59.0,48.1,55.2,
2013-02-14 08:39:59,H0,,52.5,58.9,47.9,55.5,
2013-02-14 09:39:59,H0,,52.2,58.7,47.6,56.1,
2013-02-14 10:39:59,H0,,52.2,58.7,47.7,56.4,
2013-02-14 11:39:59,H0,,52.2,58.6,47.5,56.7,
2013-02-14 12:39:59,H0,,52.3,58.5,47.5,56.9,
2013-02-14 13:39:59,H0,,52.4,58.7,47.3,57.2,
2013-02-14 14:39:59,H0,,52.4,58.8,47.2,57.5,
2013-02-14 15:39:59,H0,,52.6,58.7,47.2,57.4,
2013-02-14 16:39:59,H0,,52.8,59.0,47.7,57.8,
2013-02-14 17:39:59,H0,,53.0,59.2,47.9,57.7,
2013-02-14 18:40:24,H0,,53.1,59.4,48.4,57.6,
2013-02-14 19:40:24,H0,,53.3,59.7,48.4,57.4,
2013-02-14 20:40:24,H0,,53.3,59.6,48.5,57.2,
2013-02-14 21:40:24,H0,,53.2,59.6,48.5,57.1,
2013-02-14 22:40:24,H0,,53.2,59.6,48.4,57.0,
2013-02-14 23:40:24,H0,,53.2,59.6,48.4,56.9,
2013-02-15 00:40:24,H0,,53.3,59.5,48.4,56.9,
2013-02-15 01:40:24,H0,,53.2,59.5,48.2,56.9,
2013-02-15 02:40:24,H0,,53.0,59.6,48.4,56.8,
2013-02-15 03:40:24,H0,,53.1,59.4,48.4,56.8,
2013-02-15 04:40:24,H0,,53.2,59.4,48.3,56.5,
2013-02-15 05:40:49,H0,,53.1,59.4,48.3,56.5,
2013-02-15 06:40:49,H0,,53.1,59.3,48.1,56.4,
2013-02-20 00:35:09,H0,,55.4,62.3,49.8,60.6,
2013-02-20 01:35:09,H0,,55.5,62.3,49.8,60.6,
2013-02-20 02:35:09,H0,,55.4,62.2,49.8,60.6,
2013-02-20 03:35:09,H0,,55.4,62.1,49.8,60.6,
2013-02-20 04:35:09,H0,,55.5,62.2,50.0,60.6,
2013-02-20 05:35:09,H0,,55.4,62.1,49.8,60.6,
2013-02-20 06:35:09,H0,,55.1,62.1,49.8,60.5,
2013-02-20 07:35:09,H0,,55.2,61.9,49.5,60.8,
2013-02-20 08:35:09,H0,,54.9,61.8,49.3,61.2,
2013-02-20 09:35:09,H0,,54.9,61.7,49.2,61.3,
2013-02-20 10:35:09,H0,,54.9,61.8,49.2,61.6,
2013-02-20 11:35:34,H0,,55.2,62.0,49.2,61.7,
2013-02-20 12:35:34,H0,,55.2,62.1,49.1,62.0,
2013-02-20 14:44:34,H0,,55.4,62.2,49.2,62.0,
2013-02-20 15:44:34,H0,,55.4,62.3,49.4,62.1,
2013-02-20 16:44:34,H0,,55.5,62.5,49.6,62.2,
2013-02-20 17:44:34,H0,,55.6,62.7,49.5,62.3,
2013-02-20 18:44:34,H0,,55.9,63.1,50.0,62.3,
2013-02-20 19:44:34,H0,,56.0,63.3,50.1,62.0,
2013-02-20 20:44:34,H0,,56.1,63.3,50.3,61.8,
2013-02-20 21:44:34,H0,,56.0,63.1,50.2,61.8,
2013-02-20 22:44:34,H0,,56.0,63.1,50.2,61.4,
2013-02-20 23:44:34,H0,,56.0,63.2,50.0,61.4,
2013-02-21 00:44:34,H0,,55.9,63.1,50.1,61.3,
2013-02-21 01:45:00,H0,,55.9,63.0,50.0,61.3,
2013-02-21 02:45:00,H0,,56.0,63.0,50.0,61.3,
2013-02-21 03:45:00,H0,,56.0,63.1,50.1,61.5,
2013-02-21 04:45:00,H0,,55.9,63.1,50.3,61.3,
2013-02-21 05:45:00,H0,,55.9,62.9,50.1,61.3,
2013-02-21 06:45:00,H0,,55.7,62.9,50.0,61.3,
2013-02-21 07:45:00,H0,,55.7,62.9,49.8,61.6,
2013-02-21 08:45:00,H0,,55.5,62.7,49.7,62.0,
2013-02-21 09:45:00,H0,,55.5,62.6,49.6,62.5,
2013-02-21 10:45:00,H0,,55.5,62.7,49.5,62.6,
2013-02-21 11:45:00,H0,,55.6,62.7,49.6,62.6,
2013-02-21 12:45:25,H0,,55.9,63.0,49.7,62.8,
2013-02-21 13:45:25,H0,,55.7,63.2,49.7,62.8,
2013-02-23 04:10:51,H0,,57.0,64.5,51.7,63.2,
2013-02-23 05:10:51,H0,,57.0,64.5,51.6,63.2,
2013-02-23 06:10:51,H0,,56.8,64.4,51.5,63.3,
2013-02-23 07:10:51,H0,,56.8,64.4,51.5,63.2,
2013-02-23 08:10:51,H0,,56.7,64.4,51.5,63.3,
2013-02-23 09:10:51,H0,,56.6,64.3,51.3,63.2,
2013-02-23 10:10:51,H0,,56.1,64.2,51.2,63.6,
2013-02-23 11:00:00,H0,17.0,,,,,
2013-02-23 11:10:51,H0,,56.2,64.0,50.9,63.7,
2013-02-23 12:10:51,H0,,56.1,64.0,50.6,64.1,
2013-02-23 13:10:51,H0,,56.5,64.2,50.5,64.1,
2013-02-23 14:10:51,H0,,56.7,64.3,50.4,64.3,
2013-02-23 15:11:15,H0,,57.0,64.3,50.9,64.4,
2013-02-23 16:11:15,H0,,57.2,64.4,50.7,64.6,
2013-02-23 16:59:42,H0,10.0,,,,,
2013-02-23 18:23:35,H0,,57.4,64.6,50.9,64.8,
2013-02-23 19:23:35,H0,,57.5,64.9,51.5,64.9,
2013-02-23 20:23:35,H0,,57.7,65.2,51.5,64.6,
2013-02-23 21:23:35,H0,,57.7,65.1,51.6,64.4,
2013-02-23 22:23:35,H0,,57.7,65.0,51.7,64.4,
2013-02-23 23:23:35,H0,,57.6,65.1,51.5,64.1,
2013-02-24 00:23:35,H0,,57.6,65.0,51.5,64.1,
2013-02-24 01:23:35,H0,,57.5,64.9,51.5,64.1,
2013-02-24 02:23:35,H0,,57.5,64.8,51.5,64.0,
2013-02-24 03:23:35,H0,,57.6,64.9,51.6,64.1,
2013-02-24 04:23:35,H0,,57.5,64.8,51.5,63.9,
2013-02-24 05:24:00,H0,,57.3,64.9,51.7,63.7,
2013-02-24 06:24:00,H0,,57.2,64.7,51.6,63.7,
2013-02-24 07:24:00,H0,,57.0,64.7,51.4,63.9,
2013-02-24 08:24:00,H0,,56.8,64.4,51.1,64.3,
2013-02-24 09:24:00,H0,,56.5,64.3,51.0,64.3,
2013-02-24 10:24:00,H0,,56.7,64.3,50.7,64.8,
2013-02-24 10:59:47,H0,6.0,,,,,
2013-02-24 11:24:00,H0,,56.9,64.4,50.9,65.0,
2013-02-24 12:24:00,H0,,57.1,64.5,50.7,65.7,
2013-02-24 13:24:00,H0,,57.4,64.6,50.9,65.8,
2013-02-24 14:24:00,H0,,57.8,65.0,51.4,66.2,
2013-02-24 15:24:00,H0,,58.0,65.2,51.7,66.0,
2013-02-24 16:24:25,H0,,58.3,65.2,51.6,66.0,
2013-02-24 16:59:59,H0,4.0,,,,,
2013-02-24 17:24:25,H0,,58.4,65.2,51.9,66.0,
2013-02-24 22:59:42,H0,18.0,,,,,
2013-02-25 05:07:13,H0,17.0,,,,,
2013-02-25 11:00:05,H0,9.0,,,,,
2013-02-25 17:18:24,H0,8.0,,,,,
2013-02-25 20:53:26,H0,,56.8,65.5,52.3,65.1,
2013-02-25 21:53:26,H0,,56.7,65.7,52.5,65.1,
2013-02-25 22:53:26,H0,,56.7,65.6,52.5,65.0,
2013-02-25 22:59:59,H0,18.0,,,,,
2013-02-25 23:53:26,H0,,56.4,65.5,52.5,65.0,
2013-02-26 00:53:26,H0,,56.5,65.5,52.4,65.1,
2013-02-26 01:53:26,H0,,56.3,65.4,52.3,65.2,
2013-02-26 02:53:26,H0,,56.2,65.4,52.3,65.1,
2013-02-26 03:53:26,H0,,56.3,65.5,52.1,65.1,
2013-02-26 04:53:26,H0,,56.2,65.4,52.1,65.1,
2013-02-26 04:59:40,H0,17.0,,,,,
2013-02-26 05:53:26,H0,,56.1,65.4,52.0,64.9,
2013-02-26 06:53:26,H0,,55.9,65.3,51.9,65.1,
2013-02-26 07:53:51,H0,,55.9,65.2,51.7,64.9,
2013-02-26 08:53:51,H0,,55.9,65.3,51.7,65.0,
2013-02-26 09:53:51,H0,,55.7,65.1,51.5,65.0,
2013-02-26 10:53:51,H0,,55.5,64.9,51.3,65.0,
2013-02-26 10:59:52,H0,10.0,,,,,
2013-02-26 11:53:51,H0,,55.6,64.7,51.1,65.0,
2013-02-26 12:53:51,H0,,56.3,65.1,51.0,65.1,
2013-02-26 13:53:51,H0,,56.6,65.1,51.4,65.2,
2013-02-26 14:53:51,H0,,56.5,65.1,51.3,65.0,
2013-02-26 15:53:51,H0,,56.8,65.2,51.6,65.5,
2013-02-26 16:53:51,H0,,57.1,65.3,51.6,65.4,
2013-02-26 17:00:05,H0,6.0,,,,,
2013-02-26 17:53:51,H0,,57.3,65.5,51.9,65.5,
2013-02-26 18:54:16,H0,,57.2,65.4,52.0,65.4,
2013-02-26 19:54:16,H0,,57.2,65.4,52.0,65.1,
2013-02-26 22:12:07,H0,,57.2,65.4,51.9,64.9,
2013-02-26 22:59:46,H0,20.0,,,,,
2013-02-26 23:12:07,H0,,57.2,65.4,52.0,64.8,
2013-02-27 00:12:07,H0,,57.3,65.5,52.0,64.8,
2013-02-27 01:12:07,H0,,57.2,65.3,51.9,64.7,
2013-02-27 02:12:07,H0,,57.3,65.3,51.9,64.9,
2013-02-27 03:12:07,H0,,57.3,65.4,51.9,64.8,
2013-02-27 04:12:07,H0,,57.2,65.2,51.8,64.5,
2013-02-27 04:59:58,H0,23.0,,,,,
2013-02-27 05:12:07,H0,,57.1,65.2,51.9,64.6,
2013-02-27 06:12:07,H0,,57.3,65.2,51.9,64.8,
2013-02-27 07:12:07,H0,,57.1,65.1,51.7,64.6,
2013-02-27 08:12:07,H0,,56.7,65.0,51.5,64.8,
2013-02-27 09:12:34,H0,,56.7,64.8,51.2,64.8,
2013-02-27 10:12:34,H0,,56.6,64.7,51.0,65.1,
2013-02-27 11:00:10,H0,11.0,,,,,
2013-02-27 11:12:34,H0,,56.7,64.8,50.9,65.3,
2013-02-27 12:12:34,H0,,57.1,65.0,50.8,65.5,
2013-02-27 13:12:34,H0,,57.3,65.0,51.0,65.9,
2013-02-27 14:12:34,H0,,57.7,65.0,50.9,66.1,
2013-02-27 15:12:34,H0,,58.1,65.2,51.2,66.1,
2013-02-27 16:12:34,H0,,58.2,65.2,51.5,66.3,
2013-02-27 16:59:52,H0,8.0,,,,,
2013-02-27 17:12:34,H0,,58.5,65.4,51.7,66.3,
2013-02-27 18:12:34,H0,,58.7,65.9,52.2,66.3,
2013-02-27 19:12:34,H0,,58.7,65.9,52.2,66.3,
2013-02-27 20:12:58,H0,,58.6,66.0,52.3,66.2,
2013-02-27 21:12:58,H0,,58.6,65.9,52.3,66.2,
2013-02-27 23:00:04,H0,22.0,,,,,
2013-02-28 02:34:47,H0,,58.3,65.8,52.3,65.7,
2013-02-28 03:34:47,H0,,58.1,65.5,52.1,65.9,
2013-02-28 04:34:47,H0,,57.9,65.5,52.1,65.8,
2013-02-28 04:59:45,H0,21.0,,,,,
2013-02-28 05:45:08,H0,,58.0,65.5,52.1,65.6,
2013-02-28 06:45:08,H0,,57.9,65.5,52.1,65.6,
2013-02-28 07:45:08,H0,,57.7,65.3,52.1,65.6,
2013-02-28 10:59:57,H0,14.0,,,,,
2013-02-28 11:00:30,H0,,57.2,79.4,51.7,78.9,
2013-02-28 12:00:30,H0,,57.2,79.2,51.6,78.8,
2013-02-28 13:00:30,H0,,57.2,79.0,51.4,79.4,
2013-02-28 14:08:11,H0,,57.8,79.1,51.6,79.4,
2013-02-28 15:24:37,H0,,58.5,79.3,51.8,79.4,
2013-02-28 16:24:37,H0,,58.8,79.2,52.1,79.6,
2013-02-28 17:00:09,H0,10.0,,,,,
2013-02-28 17:24:37,H0,,59.1,79.4,52.4,79.6,
2013-02-28 18:32:20,H0,,59.0,79.4,52.6,79.6,
2013-02-28 19:32:20,H0,,59.2,79.6,52.7,79.6,
2013-02-28 20:32:20,H0,,59.2,79.5,52.6,79.6,
2013-02-28 21:32:20,H0,,59.1,79.5,52.8,79.6,
2013-02-28 22:32:20,H0,,59.2,79.4,52.7,79.4,
2013-02-28 22:59:51,H0,9.0,,,,,
2013-02-28 23:32:20,H0,,59.0,79.4,52.7,79.2,
2013-03-01 00:32:20,H0,,58.9,79.4,52.7,79.1,
2013-03-01 01:32:20,H0,,59.0,79.3,52.6,79.0,
2013-03-01 02:32:20,H0,,58.8,79.2,52.6,79.2,
2013-03-01 03:32:20,H0,,58.9,79.1,52.6,79.1,
2013-03-01 04:32:20,H0,,58.7,79.1,52.7,79.0,
2013-03-01 05:08:56,H0,15.0,,,,,
2013-03-01 05:32:20,H0,,58.7,79.3,52.8,79.3,
2013-03-01 06:32:20,H0,,58.8,79.4,53.0,79.1,
2013-03-01 07:32:20,H0,,58.6,79.3,53.2,79.2,
2013-03-01 08:32:53,H0,,58.6,79.4,53.2,79.3,
2013-03-01 09:32:53,H0,,58.5,79.5,53.3,79.2,
2013-03-01 10:32:53,H0,,58.4,79.5,53.2,79.4,
2013-03-01 10:59:44,H0,10.0,,,,,
2013-03-01 11:32:53,H0,,58.3,79.4,53.3,79.7,
2013-03-01 12:32:53,H0,,58.3,79.6,53.5,79.7,
2013-03-01 13:32:53,H0,,58.0,79.3,53.2,79.3,
2013-03-01 14:32:53,H0,,57.8,79.2,53.0,79.2,
2013-03-01 15:32:53,H0,,57.6,79.2,52.8,79.0,
2013-03-01 16:32:53,H0,,57.6,79.2,53.1,79.1,
2013-03-01 16:59:56,H0,8.0,,,,,
2013-03-01 17:32:53,H0,,57.6,79.2,53.2,78.8,
2013-03-01 19:51:53,H0,,57.5,79.2,52.8,78.9,
2013-03-01 20:51:53,H0,,57.4,79.1,52.9,78.9,
2013-03-01 21:51:53,H0,,57.4,79.2,52.8,78.8,
2013-03-01 22:51:53,H0,,57.2,79.2,52.8,78.9,
2013-03-01 23:00:08,H0,15.0,,,,,
2013-03-01 23:51:53,H0,,57.1,79.2,52.9,78.8,
2013-03-02 00:51:53,H0,,57.0,79.2,52.9,78.7,
2013-03-02 01:51:53,H0,,57.2,79.3,53.0,79.1,
2013-03-02 02:51:53,H0,,57.0,79.4,53.2,78.9,
2013-03-02 03:51:53,H0,,57.1,79.3,53.1,78.9,
2013-03-02 04:51:53,H0,,56.7,79.2,53.0,78.7,
2013-03-02 04:59:50,H0,19.0,,,,,
2013-03-02 05:51:53,H0,,56.7,79.2,53.1,78.6,
2013-03-02 06:51:53,H0,,56.4,79.2,53.2,78.3,
2013-03-02 07:51:53,H0,,56.2,78.9,52.8,78.2,
2013-03-02 08:51:53,H0,,55.8,78.9,52.8,78.2,
2013-03-02 09:52:26,H0,,55.0,78.3,52.6,78.1,
2013-03-02 10:52:26,H0,,55.7,79.0,53.0,78.3,
2013-03-02 11:00:02,H0,9.0,,,,,
2013-03-02 11:52:26,H0,,55.3,78.7,52.6,78.1,
2013-03-02 12:52:26,H0,,54.5,78.2,52.0,77.5,
2013-03-02 13:52:26,H0,,54.1,78.0,51.4,77.2,
2013-03-02 14:52:26,H0,,55.2,78.3,51.5,77.5,
2013-03-02 15:52:26,H0,,55.8,78.2,51.5,77.7,
2013-03-02 16:52:26,H0,,56.5,78.5,51.6,77.7,
2013-03-02 16:59:44,H0,6.0,,,,,
2013-03-02 17:52:26,H0,,56.9,78.7,51.9,77.8,
2013-03-02 18:52:26,H0,,57.2,78.6,51.9,78.0,
2013-03-02 21:12:24,H0,,57.3,78.6,52.0,77.8,
2013-03-02 22:12:24,H0,,57.5,78.6,52.1,77.6,
2013-03-02 22:59:56,H0,17.0,,,,,
2013-03-02 23:12:24,H0,,57.4,78.6,51.9,77.5,
2013-03-03 00:12:24,H0,,57.7,78.6,52.0,77.5,
2013-03-03 01:12:24,H0,,57.4,78.7,52.0,77.5,
2013-03-03 02:12:24,H0,,57.4,78.5,52.0,77.6,
2013-03-03 03:12:24,H0,,57.5,78.6,52.0,77.5,
2013-03-03 04:12:24,H0,,57.5,78.4,51.8,77.5,
2013-03-03 05:00:08,H0,17.0,,,,,
2013-03-03 05:12:24,H0,,57.5,78.6,51.8,77.5,
2013-03-03 06:12:24,H0,,57.6,78.5,51.8,77.4,
2013-03-03 07:12:24,H0,,57.4,78.5,51.6,77.5,
2013-03-03 08:12:24,H0,,57.4,78.3,51.7,77.5,
2013-03-03 09:12:24,H0,,57.2,78.2,51.5,77.5,
2013-03-03 10:12:24,H0,,57.3,78.1,51.2,77.4,
2013-03-03 11:07:23,H0,10.0,,,,,
2013-03-03 11:12:57,H0,,57.5,78.2,51.1,77.6,
2013-03-03 12:12:57,H0,,57.8,78.2,51.1,77.8,
2013-03-03 13:12:57,H0,,58.2,78.4,51.3,78.0,
2013-03-03 14:12:57,H0,,58.5,78.6,51.5,78.2,
2013-03-03 15:12:57,H0,,58.8,78.6,51.5,78.2,
2013-03-03 16:12:57,H0,,58.9,78.9,52.0,78.5,
2013-03-03 17:00:01,H0,9.0,,,,,
2013-03-03 17:12:57,H0,,59.2,79.0,52.0,78.7,
2013-03-03 18:12:57,H0,,59.3,79.1,52.2,78.8,
2013-03-03 19:12:57,H0,,59.2,79.2,52.3,78.7,
2013-03-03 20:12:57,H0,,59.2,79.1,52.4,78.6,
2013-03-03 22:26:18,H0,,59.1,79.0,52.3,78.6,
2013-03-03 23:00:13,H0,19.0,,,,,
2013-03-03 23:26:18,H0,,59.0,79.0,52.3,78.3,
2013-03-04 00:26:18,H0,,59.0,78.9,52.2,78.5,
2013-03-04 01:26:18,H0,,58.9,78.8,52.2,78.3,
2013-03-04 02:26:18,H0,,58.9,78.8,52.2,78.2,
2013-03-04 03:26:18,H0,,58.9,78.9,52.4,78.2,
2013-03-04 04:26:18,H0,,58.8,78.8,52.3,78.4,
2013-03-04 05:05:21,H0,24.0,,,,,
2013-03-04 05:26:18,H0,,58.6,78.8,52.3,78.3,
2013-03-04 06:26:18,H0,,58.5,78.8,52.1,78.3,
2013-03-04 07:26:18,H0,,58.4,78.8,52.2,78.3,
2013-03-04 08:26:18,H0,,58.5,78.8,52.2,78.4,
2013-03-04 09:26:18,H0,,58.0,78.4,52.0,78.4,
2013-03-04 10:26:18,H0,,57.8,78.4,51.5,78.6,
2013-03-04 11:00:07,H0,14.0,,,,,
2013-03-04 11:26:18,H0,,58.1,78.4,51.6,78.8,
2013-03-04 12:26:51,H0,,58.5,78.6,51.8,79.0,
2013-03-04 13:26:51,H0,,58.9,78.8,52.0,79.4,
2013-03-04 14:26:51,H0,,59.2,78.8,52.0,79.6,
2013-03-04 15:26:51,H0,,59.5,79.0,52.3,79.6,
2013-03-04 16:26:51,H0,,59.4,78.9,52.4,79.7,
2013-03-04 16:59:48,H0,15.0,,,,,
2013-03-04 17:26:51,H0,,59.8,79.3,52.7,80.1,
2013-03-04 18:26:51,H0,,59.9,79.5,52.8,79.9,
2013-03-04 19:26:51,H0,,59.7,79.5,52.9,79.9,
2013-03-04 20:26:51,H0,,59.6,79.3,52.8,79.9,
2013-03-04 21:26:51,H0,,59.6,79.3,52.8,79.9,
2013-03-04 23:00:01,H0,10.0,,,,,
2013-03-04 23:40:03,H0,,59.6,79.3,52.9,79.7,
2013-03-05 00:40:03,H0,,59.4,79.3,52.7,79.6,
2013-03-05 01:40:03,H0,,59.5,79.3,52.8,79.6,
2013-03-05 02:40:03,H0,,59.3,79.1,52.7,79.3,
2013-03-05 03:40:03,H0,,59.4,79.3,52.7,79.5,
2013-03-05 04:40:03,H0,,59.4,79.1,52.7,79.5,
2013-03-05 05:00:12,H0,10.0,,,,,
2013-03-05 05:40:03,H0,,59.2,79.2,52.7,79.6,
2013-03-05 06:40:03,H0,,59.0,79.0,52.7,79.4,
2013-03-05 07:40:03,H0,,59.1,78.9,52.5,79.4,
2013-03-05 08:40:03,H0,,59.0,78.9,52.3,79.5,
2013-03-05 09:40:03,H0,,58.9,78.8,52.3,79.6,
2013-03-05 10:40:03,H0,,58.9,78.8,52.4,79.6,
2013-03-05 10:59:54,H0,9.0,,,,,
2013-03-05 11:40:03,H0,,59.0,78.7,52.2,79.9,
2013-03-05 12:40:03,H0,,59.1,78.8,52.3,80.2,
2013-03-05 13:40:37,H0,,59.4,78.9,52.4,80.3,
2013-03-05 14:40:37,H0,,59.6,79.0,52.5,80.5,
2013-03-05 15:40:37,H0,,59.5,79.0,52.6,80.7,
2013-03-05 16:40:37,H0,,59.8,79.2,52.9,80.9,
2013-03-05 17:00:06,H0,10.0,,,,,
2013-03-05 17:40:37,H0,,59.9,79.4,52.9,80.9,
2013-03-05 18:40:37,H0,,60.0,79.7,53.2,80.8,
2013-03-05 19:40:37,H0,,60.1,79.6,53.2,80.7,
2013-03-05 20:40:37,H0,,60.1,79.7,53.3,80.4,
2013-03-05 21:40:37,H0,,60.1,79.5,53.3,80.2,
2013-03-05 22:40:37,H0,,60.1,79.5,53.2,80.3,
2013-03-05 22:59:48,H0,19.0,,,,,
2013-03-06 05:06:05,H0,26.0,,,,,
2013-03-06 11:00:11,H0,11.0,,,,,
2013-03-06 16:59:53,H0,8.0,,,,,
2013-03-06 23:00:05,H0,15.0,,,,,
2013-03-07 05:06:57,H0,17.0,,,,,
2013-03-07 17:00:11,H0,4.0,,,,,
2013-03-07 23:15:49,H0,11.0,,,,,
2013-03-08 03:32:25,H0,,61.2,80.1,53.8,82.4,
2013-03-08 04:32:25,H0,,61.2,80.1,53.9,82.5,
2013-03-08 05:00:05,H0,19.0,,,,,
2013-03-08 05:32:25,H0,,61.1,80.4,54.1,82.5,
2013-03-08 06:32:25,H0,,60.9,80.2,53.9,82.3,
2013-03-08 07:32:25,H0,,60.8,80.0,53.8,82.4,
2013-03-08 08:32:25,H0,,60.6,79.9,53.7,82.4,
2013-03-08 09:32:25,H0,,60.2,79.6,53.3,82.4,
2013-03-08 10:32:25,H0,,60.3,79.6,53.3,82.4,
2013-03-08 11:00:16,H0,11.0,,,,,
2013-03-08 11:32:25,H0,,60.2,79.5,53.1,82.6,
2013-03-08 12:32:25,H0,,60.6,79.4,53.2,82.9,
2013-03-08 13:32:25,H0,,60.9,79.5,53.2,83.2,
2013-03-08 14:32:25,H0,,61.2,79.6,53.1,83.6,
2013-03-08 15:32:25,H0,,61.4,79.6,53.3,83.7,
2013-03-08 16:32:25,H0,,61.9,80.0,53.6,83.7,
2013-03-08 16:59:58,H0,9.0,,,,,
2013-03-08 17:32:59,H0,,62.0,80.2,53.8,83.9,
2013-03-08 18:32:59,H0,,62.3,80.4,54.1,84.0,
2013-03-08 19:32:59,H0,,62.3,80.6,54.1,83.7,
2013-03-08 20:32:59,H0,,62.3,80.5,54.2,83.7,
2013-03-08 21:32:59,H0,,62.3,80.5,54.2,83.6,
2013-03-08 22:32:59,H0,,62.2,80.5,54.1,83.5,
2013-03-08 23:00:10,H0,20.0,,,,,
2013-03-08 23:32:59,H0,,62.2,80.4,54.0,83.4,
2013-03-09 00:32:59,H0,,62.0,80.3,53.9,83.4,
2013-03-09 01:32:59,H0,,61.9,80.4,53.9,83.4,
2013-03-09 02:32:59,H0,,61.8,80.4,53.9,83.4,
2013-03-09 04:20:05,H0,,,,,,"-28.2116,153.1433"
2013-03-09 04:46:31,H0,,61.9,80.5,54.1,83.5,
2013-03-09 04:59:52,H0,19.0,,,,,
2013-03-09 05:46:31,H0,,62.0,80.4,54.2,83.1,
2013-03-09 06:46:31,H0,,61.7,80.2,53.9,83.0,
2013-03-09 07:46:31,H0,,61.7,80.2,53.8,82.9,
2013-03-09 08:46:31,H0,,61.5,80.1,53.7,83.2,
2013-03-09 09:46:31,H0,,61.2,79.7,53.4,83.2,
2013-03-09 10:46:31,H0,,61.3,79.6,53.2,83.3,
2013-03-09 11:00:03,H0,18.0,,,,,
2013-03-09 11:46:31,H0,,61.6,79.7,53.3,83.8,
2013-03-09 12:46:31,H0,,61.8,79.8,53.4,83.9,
2013-03-09 13:46:31,H0,,62.1,79.9,53.3,84.1,
2013-03-09 14:46:31,H0,,62.4,80.0,53.7,84.4,
2013-03-09 15:46:31,H0,,62.6,80.1,53.6,84.4,
2013-03-09 16:46:31,H0,,63.0,80.2,53.8,84.8,
2013-03-09 17:00:15,H0,10.0,,,,,
2013-03-09 17:46:31,H0,,63.2,80.5,54.2,84.9,
2013-03-09 18:47:04,H0,,63.5,80.8,54.3,85.3,
2013-03-09 19:47:04,H0,,63.4,80.8,54.3,84.9,
2013-03-09 20:47:04,H0,,63.4,80.8,54.4,84.8,
2013-03-09 21:47:04,H0,,63.4,80.8,54.5,84.6,
2013-03-09 22:47:04,H0,,63.4,80.8,54.5,84.5,
2013-03-09 22:59:57,H0,10.0,,,,,
2013-03-09 23:47:04,H0,,63.4,80.9,54.5,84.2,
2013-03-10 00:47:04,H0,,63.3,80.9,54.6,84.2,
2013-03-10 01:47:04,H0,,63.1,80.9,54.5,84.1,
2013-03-10 02:47:04,H0,,63.2,80.8,54.6,84.3,
2013-03-10 03:47:04,H0,,63.1,80.5,54.3,84.1,
2013-03-10 05:00:09,H0,14.0,,,,,
2013-03-10 05:36:12,H0,,,,,,"-28.1995,152.287"
2013-03-10 06:03:19,H0,,63.0,80.6,54.3,84.1,
2013-03-10 07:03:19,H0,,62.8,80.4,54.3,84.0,
2013-03-10 08:03:19,H0,,62.7,80.5,54.2,84.1,
2013-03-10 09:03:19,H0,,62.4,80.1,53.9,84.2,
2013-03-10 10:03:19,H0,,62.1,80.0,53.8,84.0,
2013-03-10 10:59:51,H0,9.0,,,,,
2013-03-10 11:03:19,H0,,62.3,79.8,53.7,84.4,
2013-03-10 12:03:19,H0,,62.7,79.9,53.7,84.7,
2013-03-10 13:03:19,H0,,63.2,80.4,53.8,85.3,
2013-03-10 14:03:19,H0,,63.1,80.2,53.7,85.3,
2013-03-10 15:03:19,H0,,63.4,80.3,53.7,85.3,
2013-03-10 16:03:19,H0,,63.9,80.4,54.1,85.6,
2013-03-10 17:03:19,H0,,64.1,80.5,54.3,85.9,
2013-03-10 17:08:41,H0,9.0,,,,,
2013-03-10 18:03:19,H0,,64.5,80.9,54.4,86.0,
2013-03-10 19:03:19,H0,,64.5,80.9,54.7,86.0,
2013-03-10 20:03:52,H0,,64.5,81.0,54.6,85.5,
2013-03-10 21:03:52,H0,,64.5,81.0,54.6,85.6,
2013-03-10 22:03:52,H0,,64.3,80.9,54.6,85.4,
2013-03-10 23:00:15,H0,12.0,,,,,
2013-03-10 23:03:52,H0,,64.3,80.9,54.7,85.3,
2013-03-11 00:03:52,H0,,64.3,81.0,54.6,85.3,
2013-03-11 01:03:52,H0,,64.3,80.9,54.7,85.3,
2013-03-11 02:03:52,H0,,64.3,81.0,54.8,85.3,
2013-03-11 03:03:52,H0,,64.2,80.9,54.6,85.2,
2013-03-11 04:03:52,H0,,64.1,80.8,54.7,85.1,
2013-03-11 04:59:56,H0,12.0,,,,,
2013-03-11 05:03:52,H0,,64.0,80.9,54.7,84.9,
2013-03-11 07:04:44,H0,,,,,,"-28.1609,151.6496"
2013-03-11 07:17:00,H0,,64.0,81.0,54.6,84.8,
2013-03-11 08:17:00,H0,,63.6,80.8,54.4,85.0,
2013-03-11 09:17:00,H0,,63.5,80.5,54.2,85.1,
2013-03-11 10:17:00,H0,,63.5,80.6,54.2,85.3,
2013-03-11 11:00:08,H0,10.0,,,,,
2013-03-11 11:17:00,H0,,63.1,80.1,53.8,85.5,
2013-03-11 12:17:00,H0,,63.5,80.2,53.6,85.8,
2013-03-11 13:17:00,H0,,63.7,80.4,53.7,86.2,
2013-03-11 14:17:00,H0,,64.0,80.5,53.7,86.3,
2013-03-11 15:17:00,H0,,64.3,80.5,54.0,86.5,
2013-03-11 16:17:00,H0,,64.6,80.8,54.3,86.8,
2013-03-11 17:00:19,H0,9.0,,,,,
2013-03-11 17:17:00,H0,,65.1,81.1,54.6,87.0,
2013-03-11 18:17:00,H0,,65.1,81.3,54.7,87.2,
2013-03-11 19:17:00,H0,,65.1,81.4,55.1,87.2,
2013-03-11 20:17:00,H0,,65.3,81.5,54.9,86.8,
2013-03-11 21:17:34,H0,,65.2,81.5,55.0,86.6,
2013-03-11 22:17:34,H0,,65.2,81.3,54.9,86.4,
2013-03-11 23:00:02,H0,12.0,,,,,
2013-03-11 23:17:34,H0,,65.1,81.3,54.9,86.4,
2013-03-12 00:17:34,H0,,65.0,81.3,54.9,86.5,
2013-03-12 01:17:34,H0,,65.2,81.4,54.9,86.3,
2013-03-12 02:17:34,H0,,65.1,81.3,54.9,86.0,
2013-03-12 03:17:34,H0,,64.9,81.3,55.1,86.0,
2013-03-12 04:17:34,H0,,64.9,81.5,55.0,86.3,
2013-03-12 05:00:14,H0,15.0,,,,,
2013-03-12 05:17:34,H0,,64.9,81.3,55.0,86.0,
2013-03-12 06:17:34,H0,,64.7,81.3,54.8,86.0,
2013-03-12 08:24:05,H0,,,,,,"-28.1016,149.1131"
2013-03-12 08:34:20,H0,,64.5,81.3,54.7,86.0,
2013-03-12 09:34:20,H0,,64.3,80.9,54.4,86.1,
2013-03-12 10:34:20,H0,,64.6,81.0,54.3,86.5,
2013-03-12 10:59:56,H0,10.0,,,,,
2013-03-12 11:34:20,H0,,64.5,80.8,54.3,86.7,
2013-03-12 12:34:20,H0,,64.5,80.5,54.1,87.3,
2013-03-12 12:48:16,H0,,,,,,"-43.4894,172.5372"
2013-03-12 13:34:20,H0,,64.6,80.6,54.0,87.4,
2013-03-12 14:34:20,H0,,65.2,80.9,53.9,87.5,
2013-03-12 15:34:20,H0,,65.4,81.0,54.3,87.8,
2013-03-12 16:34:20,H0,,65.8,81.2,54.4,87.9,
2013-03-12 17:00:08,H0,6.0,,,,,
2013-03-12 17:34:20,H0,,66.0,81.4,54.7,88.2,
2013-03-12 18:34:20,H0,,66.2,81.8,54.9,88.4,
2013-03-12 19:34:20,H0,,66.3,81.9,55.2,88.2,
2013-03-12 20:34:20,H0,,66.3,81.9,55.2,88.1,
2013-03-12 21:34:20,H0,,66.3,81.9,55.3,88.0,
2013-03-12 22:34:54,H0,,66.1,81.6,55.1,87.8,
2013-03-12 23:00:20,H0,14.0,,,,,
2013-03-12 23:34:54,H0,,66.3,81.8,55.2,87.7,
2013-03-13 00:34:54,H0,,66.2,81.9,55.2,87.8,
2013-03-13 01:34:54,H0,,66.1,81.9,55.3,87.7,
2013-03-13 02:34:54,H0,,66.2,82.1,55.4,87.6,
2013-03-13 03:34:54,H0,,66.1,81.9,55.4,87.4,
2013-03-13 04:34:54,H0,,66.2,81.8,55.2,87.4,
2013-03-13 05:34:54,H0,,66.2,82.0,55.3,87.4,
2013-03-13 06:34:54,H0,,65.9,81.8,55.1,87.2,
2013-03-13 07:34:54,H0,,65.7,81.6,55.0,87.3,
2013-03-13 11:12:56,H0,9.0,,,,,
2013-03-13 12:48:08,H0,,,,,,"-43.5425,172.5558"
2013-03-13 16:59:38,H0,9.0,,,,,
2013-03-14 05:00:18,H0,22.0,,,,,
2013-03-14 11:06:50,H0,12.0,,,,,
2013-03-14 11:13:31,H0,,66.5,81.5,54.6,89.6,
2013-03-14 12:13:31,H0,,66.9,81.8,54.7,90.2,
2013-03-14 12:46:26,H0,,,,,,"-43.5444,172.5917"
2013-03-14 13:13:31,H0,,67.2,82.0,54.6,91.0,
2013-03-14 14:13:31,H0,,79.8,55.2,54.6,56.8,
2013-03-14 15:13:31,H0,,79.7,55.0,54.5,56.6,
2013-03-14 16:13:31,H0,,79.9,55.1,55.0,57.1,
2013-03-14 17:00:11,H0,10.0,,,,,
2013-03-14 17:13:31,H0,,80.1,55.4,55.1,57.4,
2013-03-14 18:13:31,H0,,80.2,55.7,55.4,57.8,
2013-03-14 19:13:31,H0,,80.5,56.2,55.9,58.1,
2013-03-14 20:13:31,H0,,80.5,56.2,55.9,57.7,
2013-03-14 21:13:31,H0,,80.5,56.1,55.9,57.4,
2013-03-14 22:13:31,H0,,80.4,56.0,55.6,57.2,
2013-03-14 22:59:54,H0,8.0,,,,,
2013-03-14 23:13:31,H0,,80.3,56.0,55.7,57.1,
2013-03-15 00:13:31,H0,,80.3,55.9,55.7,57.1,
2013-03-15 01:14:05,H0,,80.2,56.0,55.7,57.0,
2013-03-15 02:14:05,H0,,80.2,56.1,55.8,57.1,
2013-03-15 03:14:05,H0,,80.2,56.0,55.8,57.1,
2013-03-15 04:14:05,H0,,80.2,56.2,55.9,56.6,
2013-03-15 05:05:23,H0,11.0,,,,,
2013-03-15 05:14:05,H0,,80.2,55.9,56.0,56.9,
2013-03-15 06:14:05,H0,,80.3,56.1,56.0,56.5,
2013-03-15 07:14:05,H0,,80.0,55.9,55.9,56.4,
2013-03-15 08:14:05,H0,,79.6,55.5,55.4,56.8,
2013-03-15 09:14:05,H0,,79.3,55.2,55.1,57.2,
2013-03-15 10:14:05,H0,,79.4,55.1,55.0,57.8,
2013-03-15 11:00:18,H0,9.0,,,,,
2013-03-15 12:19:54,H0,,,,,,"-28.1609,151.6496"
2013-03-15 12:25:46,H0,,79.6,55.4,54.9,58.3,
2013-03-15 13:25:46,H0,,80.0,55.6,54.7,58.7,
2013-03-15 14:25:46,H0,,80.3,55.7,54.9,59.0,
2013-03-15 15:25:46,H0,,80.5,55.9,55.0,59.2,
2013-03-15 16:25:46,H0,,80.9,56.0,55.2,59.1,
2013-03-15 17:00:00,H0,8.0,,,,,
2013-03-15 17:25:46,H0,,81.3,56.3,55.7,59.2,
2013-03-15 18:25:46,H0,,81.6,56.7,55.9,59.7,
2013-03-15 19:25:46,H0,,81.8,57.1,56.0,59.9,
2013-03-15 20:25:46,H0,,81.7,57.1,56.2,59.4,
2013-03-15 21:25:46,H0,,81.7,56.9,56.0,59.2,
2013-03-15 22:25:46,H0,,81.6,56.8,56.0,59.2,
2013-03-15 23:00:11,H0,12.0,,,,,
2013-03-15 23:25:46,H0,,81.6,56.8,56.0,59.1,
2013-03-16 00:53:26,H0,,,,,,"-28.1927,151.6496"
2013-03-16 00:58:26,H0,,81.6,56.9,56.0,59.2,
2013-03-16 01:58:26,H0,,81.4,56.8,56.0,59.2,
2013-03-16 02:58:26,H0,,81.5,56.8,56.0,59.0,
2013-03-16 03:58:26,H0,,81.5,56.7,56.0,59.0,
2013-03-16 04:58:26,H0,,81.3,56.7,56.1,58.9,
2013-03-16 05:05:40,H0,10.0,,,,,
2013-03-16 05:58:26,H0,,81.4,56.8,56.0,58.6,
2013-03-16 06:58:26,H0,,81.3,56.8,56.0,58.5,
2013-03-16 07:58:26,H0,,81.3,56.7,55.7,58.5,
2013-03-16 08:58:26,H0,,80.7,56.3,55.5,59.0,
2013-03-16 09:58:26,H0,,80.6,56.2,55.4,59.1,
2013-03-16 10:58:26,H0,,80.8,56.1,55.4,59.8,
2013-03-16 11:00:05,H0,10.0,,,,,
2013-03-16 11:58:26,H0,,81.1,56.4,55.2,60.2,
2013-03-16 13:33:02,H0,,81.5,56.6,55.1,60.5,
2013-03-16 14:33:02,H0,,81.9,56.7,55.1,61.3,
2013-03-16 15:33:02,H0,,82.3,57.2,55.4,61.4,
2013-03-16 16:33:02,H0,,82.7,57.3,55.8,61.4,
2013-03-16 17:00:17,H0,9.0,,,,,
2013-03-16 17:33:02,H0,,83.0,57.5,56.0,61.8,
2013-03-16 18:33:02,H0,,83.3,57.9,56.4,61.8,
2013-03-16 19:33:02,H0,,83.6,58.3,56.6,62.0,
2013-03-16 20:33:02,H0,,83.7,58.3,56.7,61.6,
2013-03-16 21:33:02,H0,,83.6,58.3,56.6,61.4,
2013-03-16 22:33:02,H0,,83.7,58.4,56.9,61.2,
2013-03-16 22:59:59,H0,10.0,,,,,
2013-03-16 23:33:02,H0,,83.7,58.4,56.9,60.8,
2013-03-17 00:33:02,H0,,83.6,58.4,56.8,60.8,
2013-03-17 02:09:47,H0,,83.7,58.2,56.8,60.7,
2013-03-17 02:12:06,H0,,,,,,"-28.1825,154.6383"
2013-03-17 03:09:47,H0,,83.5,58.3,56.8,60.6,
2013-03-17 04:09:47,H0,,83.5,58.2,56.7,60.5,
2013-03-17 05:00:11,H0,6.0,,,,,
2013-03-17 05:09:47,H0,,83.6,58.3,56.8,60.4,
2013-03-17 06:09:47,H0,,83.4,58.2,56.9,60.3,
2013-03-17 07:09:47,H0,,83.4,57.9,56.6,60.1,
2013-03-17 08:09:47,H0,,83.0,57.9,56.6,60.4,
2013-03-17 09:09:47,H0,,82.7,57.5,56.2,60.7,
2013-03-17 10:09:47,H0,,82.3,57.3,55.9,60.8,
2013-03-17 11:00:23,H0,6.0,,,,,
2013-03-17 11:09:47,H0,,82.6,57.2,55.7,61.3,
2013-03-17 12:09:47,H0,,82.9,57.4,55.7,61.9,
2013-03-17 13:09:47,H0,,83.3,57.7,55.6,62.3,
2013-03-17 14:09:47,H0,,83.8,58.0,55.7,62.6,
2013-03-17 14:47:54,H0,,,,,,"-28.1528,151.6138"
2013-03-17 15:42:50,H0,,83.9,58.3,56.0,62.7,
2013-03-17 16:42:50,H0,,84.2,58.3,56.2,62.7,
2013-03-17 17:00:04,H0,6.0,,,,,
2013-03-17 17:42:50,H0,,84.6,58.5,56.6,62.8,
2013-03-17 18:42:50,H0,,85.0,58.9,56.8,62.8,
2013-03-17 19:42:50,H0,,85.0,59.2,57.1,62.7,
2013-03-17 20:42:50,H0,,85.1,59.2,57.1,62.2,
2013-03-17 21:42:50,H0,,85.0,59.0,57.0,62.0,
2013-03-17 22:42:50,H0,,84.9,59.1,57.1,62.1,
2013-03-17 23:00:16,H0,10.0,,,,,
2013-03-17 23:42:50,H0,,85.0,59.1,57.1,62.0,
2013-03-18 00:42:50,H0,,84.9,59.0,57.1,61.9,
2013-03-18 01:42:50,H0,,85.0,59.0,57.1,61.8,
2013-03-18 02:42:50,H0,,84.9,59.0,57.1,61.7,
2013-03-18 04:21:59,H0,,84.9,59.0,57.2,61.6,
2013-03-18 04:59:58,H0,14.0,,,,,
2013-03-18 05:21:59,H0,,85.0,58.9,57.1,61.4,
2013-03-18 06:21:59,H0,,84.8,58.8,57.0,61.4,
2013-03-18 07:21:59,H0,,84.8,58.7,57.0,61.1,
2013-03-18 08:21:59,H0,,84.5,58.7,56.8,61.2,
2013-03-18 09:21:59,H0,,84.3,58.5,56.6,61.5,
2013-03-18 10:21:59,H0,,84.2,58.5,56.5,62.0,
2013-03-18 11:09:17,H0,6.0,,,,,
2013-03-18 11:21:59,H0,,84.4,58.5,56.4,62.0,
2013-03-18 12:21:59,H0,,84.4,58.4,56.3,62.3,
2013-03-18 13:21:59,H0,,84.6,58.5,56.3,62.6,
2013-03-18 14:21:59,H0,,84.9,58.6,56.0,62.7,
2013-03-18 15:21:59,H0,,85.1,58.6,56.3,63.0,
2013-03-18 16:00:30,H0,,,,,,"-28.2008,151.6854"
2013-03-18 16:52:40,H0,,85.5,59.1,56.7,63.1,
2013-03-18 17:00:22,H0,4.0,,,,,
2013-03-18 17:52:40,H0,,85.9,59.3,57.1,63.3,
2013-03-18 18:52:40,H0,,86.2,59.8,57.1,63.4,
2013-03-18 19:52:40,H0,,86.0,59.9,57.3,63.0,
2013-03-18 20:52:40,H0,,86.1,59.6,57.2,62.7,
2013-03-18 21:52:40,H0,,86.2,59.7,57.3,62.7,
2013-03-18 22:52:40,H0,,86.2,59.8,57.3,62.4,
2013-03-18 23:00:04,H0,12.0,,,,,
2013-03-18 23:52:40,H0,,86.2,59.8,57.4,62.7,
2013-03-19 00:52:40,H0,,86.1,59.8,57.4,62.5,
2013-03-19 01:52:40,H0,,86.1,59.7,57.4,62.2,
2013-03-19 02:52:40,H0,,85.9,59.6,57.3,62.2,
2013-03-19 03:52:40,H0,,86.0,59.6,57.3,62.3,
2013-03-19 04:46:02,H0,,,,,,"-28.2077,151.6302"
2013-03-19 05:00:16,H0,14.0,,,,,
2013-03-19 05:37:56,H0,,85.9,59.4,57.4,62.1,
2013-03-19 06:37:56,H0,,85.9,59.6,57.3,62.2,
2013-03-19 07:37:56,H0,,85.7,59.4,57.1,62.1,
2013-03-19 08:37:56,H0,,85.7,59.4,57.1,62.2,
2013-03-19 09:37:56,H0,,85.3,59.3,56.8,62.8,
2013-03-19 10:37:56,H0,,85.2,59.0,56.6,62.8,
2013-03-19 10:59:57,H0,9.0,,,,,
2013-03-19 11:37:56,H0,,85.3,59.0,56.6,63.4,
2013-03-19 12:37:56,H0,,85.5,59.1,56.5,63.5,
2013-03-19 13:37:56,H0,,85.8,59.3,56.4,63.6,
2013-03-19 14:37:56,H0,,86.2,59.3,56.5,63.8,
2013-03-19 15:37:56,H0,,86.4,59.4,56.8,64.0,
2013-03-19 16:37:56,H0,,86.8,60.0,57.2,64.1,
2013-03-19 17:00:09,H0,8.0,,,,,
2013-03-19 17:21:14,H0,,,,,,"-28.1528,151.6138"
2013-03-19 18:09:02,H0,,87.1,60.1,57.3,64.1,
2013-03-19 19:09:02,H0,,87.4,60.3,57.7,64.1,
2013-03-19 20:09:02,H0,,87.4,60.4,57.7,63.9,
2013-03-19 21:09:02,H0,,87.3,60.3,57.7,63.7,
2013-03-19 22:09:02,H0,,87.3,60.3,57.7,63.5,
2013-03-19 23:00:21,H0,14.0,,,,,
2013-03-19 23:09:02,H0,,87.4,60.2,57.7,63.4,
2013-03-20 00:09:02,H0,,87.3,60.3,57.7,63.4,
2013-03-20 01:09:02,H0,,87.3,60.3,57.6,63.2,
2013-03-20 02:09:02,H0,,87.3,60.3,57.7,63.3,
2013-03-20 03:09:02,H0,,87.3,60.2,57.7,63.2,
2013-03-20 04:09:02,H0,,87.3,60.2,57.7,63.1,
2013-03-20 05:00:03,H0,18.0,,,,,
2013-03-20 05:09:02,H0,,87.1,60.1,57.5,62.9,
2013-03-20 06:55:01,H0,,87.1,60.1,57.6,62.9,
2013-03-20 07:55:01,H0,,87.0,60.1,57.4,62.7,
2013-03-20 08:55:01,H0,,86.7,60.1,57.3,63.4,
2013-03-20 09:55:01,H0,,86.5,59.8,57.0,63.5,
2013-03-20 10:55:01,H0,,86.3,59.7,56.9,64.0,
2013-03-20 11:00:15,H0,10.0,,,,,
2013-03-20 11:55:01,H0,,86.6,59.6,56.7,64.2,
2013-03-20 12:55:01,H0,,86.8,59.8,56.7,64.5,
2013-03-20 13:55:01,H0,,87.2,60.1,56.7,64.5,
2013-03-20 14:55:01,H0,,87.3,60.0,57.0,64.8,
2013-03-20 15:55:01,H0,,87.7,60.2,57.1,64.8,
2013-03-20 16:55:01,H0,,88.1,60.5,57.4,64.9,
2013-03-20 17:00:27,H0,8.0,,,,,
2013-03-20 17:55:01,H0,,88.4,60.8,57.5,65.1,
2013-03-20 18:45:12,H0,,,,,,"-28.1609,151.6496"
2013-03-20 19:24:53,H0,,88.6,61.0,57.7,65.0,
2013-03-20 20:24:53,H0,,88.5,61.0,57.8,64.9,
2013-03-20 21:24:53,H0,,88.4,61.1,57.8,64.7,
2013-03-20 22:24:53,H0,,88.4,61.0,57.7,64.6,
2013-03-20 23:00:09,H0,14.0,,,,,
2013-03-20 23:24:53,H0,,88.4,61.0,57.8,64.4,
2013-03-21 00:24:53,H0,,88.4,60.9,57.8,64.4,
2013-03-21 01:24:53,H0,,88.4,60.8,57.7,64.1,
2013-03-21 02:24:53,H0,,88.4,60.8,57.7,64.1,
2013-03-21 03:24:53,H0,,88.4,60.7,57.6,64.1,
2013-03-21 04:24:53,H0,,88.3,60.8,57.8,64.0,
2013-03-21 05:00:21,H0,22.0,,,,,
2013-03-21 05:24:53,H0,,88.4,60.8,57.7,63.9,
2013-03-21 06:24:53,H0,,88.3,60.7,57.6,64.0,
2013-03-21 07:29:57,H0,,,,,,"-28.1528,151.6138"
2013-03-21 08:09:28,H0,,88.1,60.5,57.7,64.1,
2013-03-21 09:09:28,H0,,87.8,60.6,57.4,64.1,
2013-03-21 10:09:28,H0,,87.7,60.2,57.2,64.8,
2013-03-21 11:00:02,H0,13.0,,,,,
2013-03-21 11:09:28,H0,,88.0,60.1,57.1,65.0,
2013-03-21 12:09:28,H0,,88.0,60.2,57.1,65.3,
2013-03-21 13:09:28,H0,,88.3,60.5,57.0,65.4,
2013-03-21 14:09:28,H0,,88.7,60.6,57.2,65.7,
2013-03-21 15:09:28,H0,,89.1,61.0,57.4,65.8,
2013-03-21 16:09:28,H0,,89.6,61.3,57.7,66.1,
2013-03-21 17:00:14,H0,10.0,,,,,
2013-03-21 17:09:28,H0,,89.7,61.5,57.8,65.9,
2013-03-21 18:09:28,H0,,90.0,61.7,58.0,66.3,
2013-03-21 19:09:28,H0,,90.0,61.7,58.1,66.2,
2013-03-21 20:05:38,H0,,,,,,"-28.134,150.245"
2013-03-21 20:43:01,H0,,90.0,61.5,57.9,66.2,
2013-03-21 21:43:01,H0,,90.0,61.7,58.0,66.1,
2013-03-21 22:43:01,H0,,90.0,61.7,58.1,65.8,
2013-03-21 23:00:26,H0,13.0,,,,,
2013-03-21 23:43:01,H0,,89.9,61.6,58.0,65.8,
2013-03-22 00:43:01,H0,,89.8,61.4,58.0,65.8,
2013-03-22 01:43:01,H0,,89.8,61.5,58.1,65.7,
2013-03-22 02:43:01,H0,,89.7,61.3,58.0,65.8,
2013-03-22 03:43:01,H0,,89.9,61.6,58.3,65.8,
2013-03-22 04:43:01,H0,,89.8,61.5,58.1,65.5,
2013-03-22 05:00:08,H0,12.0,,,,,
2013-03-22 05:43:01,H0,,89.8,61.7,58.3,65.4,
2013-03-22 06:43:01,H0,,89.8,61.6,58.3,65.0,
2013-03-22 07:43:01,H0,,89.5,61.3,58.0,64.9,
2013-03-22 08:51:56,H0,,,,,,"-28.1927,151.6496"
2013-03-22 09:26:34,H0,,88.9,61.0,57.6,65.5,
2013-03-22 10:26:34,H0,,88.8,60.8,57.3,65.9,
2013-03-22 11:00:20,H0,6.0,,,,,
2013-03-22 11:26:34,H0,,88.9,60.8,57.3,66.2,
2013-03-22 12:26:34,H0,,89.4,61.0,57.2,66.8,
2013-03-22 13:26:34,H0,,89.9,61.3,57.4,67.2,
2013-03-22 14:26:34,H0,,90.2,61.7,57.5,67.6,
2013-03-22 15:26:34,H0,,90.6,61.9,57.7,67.9,
2013-03-22 16:26:34,H0,,90.9,62.0,57.9,68.0,
2013-03-22 17:00:02,H0,5.0,,,,,
2013-03-22 17:26:34,H0,,91.3,62.3,58.2,68.1,
2013-03-22 18:26:34,H0,,91.6,62.5,58.4,68.3,
2013-03-22 19:26:34,H0,,91.8,62.8,58.6,68.0,
2013-03-22 20:26:34,H0,,91.7,62.7,58.4,68.1,
2013-03-22 21:18:51,H0,,,,,,"-28.1528,151.6138"
2013-03-22 21:53:19,H0,,91.6,62.7,58.6,68.0,
2013-03-22 22:53:19,H0,,91.7,62.7,58.5,67.9,
2013-03-22 23:00:14,H0,6.0,,,,,
2013-03-22 23:53:19,H0,,91.6,62.6,58.4,67.7,
2013-03-23 00:53:19,H0,,91.5,62.7,58.4,67.7,
2013-03-23 01:53:19,H0,,91.4,62.5,58.3,67.7,
2013-03-23 02:53:19,H0,,91.4,62.7,58.4,67.5,
2013-03-23 03:53:19,H0,,91.4,62.6,58.5,67.6,
2013-03-23 04:53:19,H0,,91.3,62.4,58.5,67.4,
2013-03-23 05:00:26,H0,10.0,,,,,
2013-03-23 05:53:19,H0,,91.2,62.5,58.3,67.3,
2013-03-23 06:53:19,H0,,91.2,62.5,58.5,67.4,
2013-03-23 07:53:19,H0,,90.9,62.3,58.2,67.2,
2013-03-23 08:53:19,H0,,90.5,62.0,58.1,67.1,
2013-03-23 10:04:15,H0,,,,,,"-28.1927,151.6496"
2013-03-23 10:32:29,H0,,90.4,61.8,58.0,67.4,
2013-03-23 11:00:07,H0,5.0,,,,,
2013-03-23 11:32:29,H0,,90.7,61.8,57.8,67.6,
2013-03-23 12:32:29,H0,,91.2,62.0,57.8,67.9,
2013-03-23 13:32:29,H0,,91.4,62.2,57.8,68.4,
2013-03-23 14:32:29,H0,,91.9,62.3,57.7,68.7,
2013-03-23 15:32:29,H0,,92.0,62.7,57.8,68.9,
2013-03-23 16:32:29,H0,,92.5,62.9,58.3,69.0,
2013-03-23 17:00:19,H0,3.0,,,,,
2013-03-23 17:32:29,H0,,92.8,63.2,58.5,69.0,
2013-03-23 18:32:29,H0,,93.3,63.5,58.8,69.5,
2013-03-23 19:32:29,H0,,93.5,63.7,59.0,69.4,
2013-03-23 20:32:29,H0,,93.3,63.7,59.0,69.0,
2013-03-23 21:32:29,H0,,93.0,63.7,59.1,68.8,
2013-03-23 22:59:50,H0,,93.1,63.5,58.8,68.7,
2013-03-23 23:00:02,H0,11.0,,,,,
2013-03-23 23:59:50,H0,,93.1,63.6,58.9,68.5,
2013-03-24 00:59:50,H0,,93.0,63.6,58.9,68.6,
2013-03-24 01:59:50,H0,,93.0,63.5,59.1,68.4,
2013-03-24 02:59:50,H0,,93.0,63.6,59.0,68.3,
2013-03-24 03:59:50,H0,,92.9,63.5,58.9,68.3,
2013-03-24 04:59:50,H0,,93.0,63.5,59.0,68.3,
2013-03-24 05:00:14,H0,18.0,,,,,
2013-03-24 05:59:50,H0,,92.9,63.5,58.8,68.3,
2013-03-24 06:59:50,H0,,92.7,63.4,58.7,68.0,
2013-03-24 07:59:50,H0,,92.4,63.2,58.6,68.0,
2013-03-24 08:59:50,H0,,91.9,62.8,58.4,68.4,
2013-03-24 09:59:50,H0,,92.1,62.7,58.3,68.6,
2013-03-24 11:00:25,H0,6.0,,,,,
2013-03-24 11:10:53,H0,,,,,,"-28.1996,151.5944"
2013-03-24 11:38:43,H0,,92.3,62.9,58.2,68.9,
2013-03-24 12:38:43,H0,,92.8,62.8,58.2,69.3,
2013-03-24 13:38:43,H0,,93.0,63.2,58.3,69.8,
2013-03-24 14:38:43,H0,,93.7,63.4,58.3,69.8,
2013-03-24 15:38:43,H0,,94.3,64.0,58.7,69.8,
2013-03-24 16:38:43,H0,,94.3,64.0,58.8,69.9,
2013-03-24 17:00:08,H0,5.0,,,,,
2013-03-24 17:38:43,H0,,94.6,64.1,58.8,69.9,
2013-03-24 18:38:43,H0,,95.0,64.5,59.4,69.9,
2013-03-24 19:38:43,H0,,95.0,64.8,59.5,69.8,
2013-03-24 20:38:43,H0,,95.0,64.6,59.4,69.6,
2013-03-24 21:38:43,H0,,94.9,64.5,59.4,69.4,
2013-03-24 22:38:43,H0,,94.7,64.4,59.3,69.2,
2013-03-24 23:52:58,H0,,,,,,"-28.1528,151.6138"
2013-03-25 00:10:16,H0,,94.8,64.5,59.3,69.3,
2013-03-25 01:10:16,H0,,94.8,64.5,59.4,69.3,
2013-03-25 02:10:16,H0,,94.7,64.4,59.3,69.3,
2013-03-25 03:10:16,H0,,94.7,64.4,59.4,69.3,
2013-03-25 04:10:16,H0,,94.5,64.5,59.6,69.3,
2013-03-25 05:10:16,H0,,94.6,64.4,59.5,69.2,
2013-03-25 06:10:16,H0,,94.6,64.5,59.5,68.9,
2013-03-25 07:10:16,H0,,94.5,64.4,59.4,68.8,
2013-03-25 08:10:16,H0,,94.1,64.0,59.3,68.7,
2013-03-25 09:10:16,H0,,93.6,63.6,58.9,69.0,
2013-03-25 10:10:16,H0,,93.6,63.6,58.8,69.4,
2013-03-25 11:10:16,H0,,93.9,63.7,58.7,69.8,
2013-03-25 12:47:12,H0,,94.4,64.0,58.8,70.1,
2013-03-25 13:47:12,H0,,94.7,64.2,58.7,70.5,
2013-03-25 14:47:12,H0,,95.0,64.4,58.6,70.7,
2013-03-25 15:47:12,H0,,95.3,64.8,58.9,70.8,
2013-03-25 16:47:12,H0,,95.7,64.7,59.4,70.7,
2013-03-25 17:47:12,H0,,96.0,65.1,59.4,70.6,
2013-03-25 18:47:12,H0,,96.2,65.4,59.6,70.7,
2013-03-25 19:47:12,H0,,96.3,65.4,59.9,70.5,
2013-03-25 20:47:12,H0,,96.4,65.3,59.7,70.5,
2013-03-25 21:47:12,H0,,96.2,65.5,59.8,70.4,
2013-03-25 22:47:12,H0,,96.2,65.5,59.8,70.3,
2013-03-25 23:47:12,H0,,96.2,65.5,59.8,70.1,
2013-03-26 01:03:15,H0,,,,,,"-28.1927,151.6496"
2013-03-26 01:20:07,H0,,96.1,65.4,59.8,69.8,
2013-03-26 02:20:07,H0,,96.2,65.4,59.9,69.8,
2013-03-26 03:20:07,H0,,96.0,65.3,59.9,69.8,
2013-03-26 04:20:07,H0,,95.9,65.3,60.0,69.7,
2013-03-26 05:20:07,H0,,96.2,65.4,59.9,69.5,
2013-03-26 06:20:07,H0,,96.0,65.3,60.0,69.3,
2013-03-26 07:20:07,H0,,96.0,65.2,59.8,69.1,
2013-03-26 08:20:07,H0,,95.4,65.0,59.5,69.4,
2013-03-26 09:20:07,H0,,95.2,64.7,59.4,69.7,
2013-03-26 10:20:07,H0,,95.2,64.6,59.2,70.1,
2013-03-26 11:20:07,H0,,95.5,64.7,59.2,70.5,
2013-03-26 12:20:07,H0,,95.5,65.1,59.4,70.9,
2013-03-26 13:40:18,H0,,,,,,"-28.1996,151.5944"
2013-03-26 13:54:38,H0,,96.0,65.1,59.2,71.0,
2013-03-26 14:54:38,H0,,96.3,65.2,59.3,71.0,
2013-03-26 15:54:38,H0,,96.6,65.2,59.4,70.9,
2013-03-26 16:54:38,H0,,96.6,65.4,59.5,70.8,
2013-03-26 17:54:38,H0,,97.0,65.7,59.8,70.9,
2013-03-26 18:54:38,H0,,97.4,66.2,60.2,71.0,
2013-03-26 19:54:38,H0,,97.5,66.1,60.0,70.7,
2013-03-26 20:54:38,H0,,97.3,66.1,60.0,70.5,
2013-03-26 21:54:38,H0,,97.2,66.1,60.0,70.5,
2013-03-26 22:54:38,H0,,97.3,66.1,60.1,70.5,
2013-03-26 23:54:38,H0,,97.3,66.1,60.1,70.5,
2013-03-27 00:54:38,H0,,97.3,66.1,60.0,70.1,
2013-03-27 02:19:12,H0,,,,,,"-28.1609,151.6496"
2013-03-27 02:31:14,H0,,97.2,66.1,60.1,70.1,
2013-03-27 03:31:14,H0,,97.1,66.0,60.2,70.0,
2013-03-27 04:31:14,H0,,97.2,66.1,60.3,70.0,
2013-03-27 05:31:14,H0,,97.0,66.1,60.3,69.8,
2013-03-27 06:31:14,H0,,97.2,66.1,60.4,69.8,
2013-03-27 07:31:14,H0,,97.1,66.1,60.2,69.7,
2013-03-27 08:31:14,H0,,96.4,65.4,59.9,69.6,
2013-03-27 09:31:14,H0,,96.2,65.2,59.4,70.0,
2013-03-27 10:31:14,H0,,96.3,65.3,59.6,70.5,
2013-03-27 11:31:14,H0,,96.7,65.3,59.4,70.7,
2013-03-27 12:31:14,H0,,96.8,65.5,59.4,71.2,
2013-03-27 13:31:14,H0,,97.0,65.5,59.3,71.5,
2013-03-27 14:57:52,H0,,,,,,"-28.1232,151.7958"
2013-03-27 15:04:50,H0,,97.2,65.7,59.2,71.5,
2013-03-27 16:04:50,H0,,97.3,65.6,59.5,71.4,
2013-03-27 17:04:50,H0,,97.6,66.1,59.7,71.4,
2013-03-27 18:04:50,H0,,98.1,66.4,60.0,71.3,
2013-03-27 19:04:50,H0,,98.4,66.7,60.1,71.4,
2013-03-27 20:04:50,H0,,98.3,66.6,60.1,71.5,
2013-03-27 21:04:50,H0,,98.4,66.5,60.0,71.3,
2013-03-27 22:04:50,H0,,98.2,66.6,60.0,71.1,
2013-03-27 23:04:50,H0,,98.2,66.7,60.0,71.1,
2013-03-28 00:04:50,H0,,98.2,66.6,60.2,71.1,
2013-03-28 01:04:50,H0,,98.2,66.5,60.0,70.8,
2013-03-28 02:04:50,H0,,98.1,66.5,60.1,70.9,
2013-03-28 03:33:37,H0,,,,,,"-28.2058,149.9518"
2013-03-28 03:43:30,H0,,98.2,66.5,60.3,70.8,
2013-03-28 04:43:30,H0,,98.2,66.6,60.3,70.5,
2013-03-28 05:43:30,H0,,98.2,66.6,60.3,70.5,
2013-03-28 06:43:30,H0,,98.2,66.5,60.3,70.5,
2013-03-28 07:43:30,H0,,97.9,66.5,60.2,70.3,
2013-03-28 08:43:30,H0,,97.4,66.1,59.8,70.2,
2013-03-28 09:43:30,H0,,97.2,65.8,59.6,70.9,
2013-03-28 10:43:30,H0,,97.3,65.7,59.4,71.2,
2013-03-28 11:43:30,H0,,97.5,66.0,59.6,71.4,
2013-03-28 12:43:30,H0,,97.9,66.1,59.5,71.9,
2013-03-28 13:43:30,H0,,98.0,66.1,59.1,72.0,
2013-03-28 14:43:30,H0,,98.2,66.1,59.1,72.3,
2013-03-28 15:43:30,H0,,98.4,66.1,59.6,72.2,
2013-03-28 16:16:32,H0,,,,,,"-28.1689,151.6854"
2013-03-28 17:16:11,H0,,98.7,66.4,59.7,72.3,
2013-03-28 18:16:11,H0,,99.2,66.9,59.9,72.4,
2013-03-28 19:16:11,H0,,99.4,67.0,60.0,72.4,
2013-03-28 20:16:11,H0,,99.4,66.9,60.0,72.0,
2013-03-28 21:16:11,H0,,99.2,66.9,60.1,72.0,
2013-03-28 22:16:11,H0,,99.4,67.1,60.3,72.0,
2013-03-28 23:16:11,H0,,99.4,67.1,60.3,71.9,
2013-03-29 00:16:11,H0,,99.3,66.9,60.3,71.8,
2013-03-29 01:16:11,H0,,99.3,67.0,60.2,71.6,
2013-03-29 02:16:11,H0,,99.3,67.0,60.4,71.4,
2013-03-29 03:16:11,H0,,99.4,67.1,60.5,71.3,
2013-03-29 04:16:11,H0,,99.2,67.0,60.5,71.2,
2013-03-29 05:12:53,H0,,,,,,"-28.1927,151.6496"
2013-03-29 06:00:15,H0,,99.4,67.1,60.5,71.2,
2013-03-29 07:00:15,H0,,99.2,66.9,60.5,71.2,
2013-03-29 08:00:15,H0,,99.2,66.8,60.3,70.9,
2013-03-29 09:00:15,H0,,98.7,66.6,60.0,71.2,
2013-03-29 10:00:15,H0,,98.6,66.5,59.8,71.2,
2013-03-29 11:00:15,H0,,98.6,66.4,59.6,71.6,
2013-03-29 12:00:15,H0,,98.6,66.3,59.7,71.6,
2013-03-29 13:00:15,H0,,98.6,66.4,59.6,71.9,
2013-03-29 14:00:15,H0,,98.7,66.2,59.7,72.2,
2013-03-29 15:00:15,H0,,98.8,66.4,59.6,72.4,
2013-03-29 16:00:15,H0,,99.3,66.6,59.9,72.4,
2013-03-29 17:00:15,H0,,99.6,66.8,59.9,72.5,
2013-03-29 18:40:19,H0,,99.9,67.0,60.0,72.6,
2013-03-29 19:40:19,H0,,99.9,67.2,60.0,72.7,
2013-03-29 20:40:19,H0,,99.8,67.0,60.0,72.6,
2013-03-29 21:40:19,H0,,99.9,67.0,60.0,72.4,
2013-03-29 22:40:19,H0,,99.8,67.3,60.2,72.2,
2013-03-29 23:40:19,H0,,99.8,67.1,60.3,72.3,
2013-03-30 00:40:19,H0,,99.7,67.1,60.2,72.1,
2013-03-30 01:40:19,H0,,99.7,67.0,60.1,72.1,
2013-03-30 02:40:19,H0,,99.7,66.9,60.1,72.0,
2013-03-30 03:40:19,H0,,99.7,67.1,60.2,71.9,
2013-03-30 04:40:19,H0,,99.6,66.9,60.2,71.9,
2013-03-30 05:40:19,H0,,99.5,67.0,60.2,71.8,
2013-03-30 06:42:10,H0,,,,,,"-28.1528,151.6138"
2013-03-30 07:23:59,H0,,99.5,66.9,60.2,71.7,
2013-03-30 08:23:59,H0,,99.1,66.8,60.0,71.3,
2013-03-30 09:23:59,H0,,98.9,66.6,59.9,71.7,
2013-03-30 10:23:59,H0,,98.8,66.5,59.8,72.0,
2013-03-30 11:23:59,H0,,99.0,66.4,59.6,72.6,
2013-03-30 12:23:59,H0,,99.3,66.6,59.8,72.6,
2013-03-30 13:23:59,H0,,99.4,66.6,59.6,73.3,
2013-03-30 14:23:59,H0,,99.5,66.6,59.4,73.3,
2013-03-30 15:23:59,H0,,100.0,66.8,59.6,73.4,
2013-03-30 16:23:59,H0,,110.4,76.5,69.7,83.6,
2013-03-30 17:23:59,H0,,110.5,76.6,70.0,83.2,
2013-03-30 18:23:59,H0,,110.5,76.7,70.2,83.5,
2013-03-30 19:15:28,H0,,,,,,"-28.1537,148.7985"
2013-03-30 19:56:56,H0,,110.7,76.9,70.3,83.2,
2013-03-30 20:56:56,H0,,110.6,76.9,70.4,83.1,
2013-03-30 21:56:56,H0,,110.6,76.9,70.4,83.0,
2013-03-30 22:56:56,H0,,110.5,76.8,70.3,82.7,
2013-03-30 23:56:56,H0,,110.5,76.8,70.3,82.7,
2013-03-31 00:56:56,H0,,110.3,76.7,70.2,82.5,
2013-03-31 01:56:56,H0,,110.5,76.8,70.5,82.5,
2013-03-31 02:56:56,H0,,110.4,76.6,70.3,82.3,
2013-03-31 03:56:56,H0,,110.4,76.5,70.2,82.4,
2013-03-31 04:56:56,H0,,110.2,76.5,70.3,82.4,
2013-03-31 05:56:56,H0,,110.3,76.4,70.2,82.0,
2013-03-31 06:56:56,H0,,110.1,76.3,70.2,82.2,
2013-03-31 08:00:04,H0,,,,,,"-28.1609,151.6496"
2013-03-31 08:41:19,H0,,110.0,76.5,70.0,82.1,
2013-03-31 09:41:19,H0,,110.2,76.5,70.2,82.6,
2013-03-31 10:41:19,H0,,110.0,76.5,70.5,82.6,
2013-03-31 11:41:19,H0,,110.4,76.6,70.8,82.8,
2013-03-31 12:41:19,H0,,46.7,49.4,44.9,47.8,
2013-03-31 13:41:19,H0,,46.5,49.4,44.8,47.9,
2013-03-31 14:41:19,H0,,46.7,49.6,45.1,47.9,
2013-03-31 15:41:19,H0,,46.9,49.8,45.8,48.0,
2013-03-31 16:41:19,H0,,46.9,49.8,45.7,47.9,
2013-03-31 17:41:19,H0,,46.8,49.8,45.7,48.0,
2013-03-31 18:41:19,H0,,46.6,49.7,45.7,47.9,
2013-03-31 19:41:19,H0,,46.5,49.9,45.8,47.9,
2013-03-31 20:40:46,H0,,,,,,"-28.1927,151.6496"
2013-03-31 21:21:38,H0,,46.5,49.9,45.8,47.9,
2013-03-31 22:21:38,H0,,46.5,49.8,45.7,47.9,
2013-03-31 23:21:38,H0,,46.5,49.8,45.7,47.9,
2013-04-01 00:21:38,H0,,46.5,49.8,45.7,47.7,
2013-04-01 01:21:38,H0,,46.5,49.7,45.7,47.7,
2013-04-01 02:21:38,H0,,46.5,49.7,45.6,47.7,
2013-04-01 03:21:38,H0,,46.5,49.7,45.6,47.4,
2013-04-01 04:21:38,H0,,46.5,49.8,45.4,47.3,
2013-04-01 05:21:38,H0,,46.5,49.7,45.5,47.4,
2013-04-01 06:21:38,H0,,46.4,49.6,45.4,47.3,
2013-04-01 07:21:38,H0,,46.4,49.6,45.3,47.4,
2013-04-01 08:21:38,H0,,46.3,49.5,45.2,47.4,
2013-04-01 09:29:32,H0,,,,,,"-28.196,151.9227"
2013-04-01 10:08:25,H0,,45.7,49.3,44.9,47.7,
2013-04-01 11:08:25,H0,,45.7,49.1,44.4,47.7,
2013-04-01 12:08:25,H0,,46.0,49.1,44.7,47.9,
2013-04-01 13:08:25,H0,,46.5,49.2,44.5,47.9,
2013-04-01 14:08:25,H0,,46.3,48.8,44.2,47.5,
2013-04-01 15:08:25,H0,,46.3,49.0,44.1,47.9,
2013-04-01 16:08:25,H0,,46.6,49.0,44.2,47.8,
2013-04-01 17:08:25,H0,,46.7,49.2,44.3,48.2,
2013-04-01 18:08:25,H0,,47.1,49.4,44.3,48.3,
2013-04-01 19:08:25,H0,,47.4,49.8,44.7,48.6,
2013-04-01 20:08:25,H0,,47.3,49.8,44.9,48.3,
2013-04-01 21:08:25,H0,,47.5,49.8,44.8,48.3,
2013-04-01 22:09:26,H0,,,,,,"-28.2008,151.6854"
2013-04-01 22:46:01,H0,,47.3,49.7,44.7,48.2,
2013-04-01 23:46:01,H0,,47.2,49.8,44.7,48.1,
2013-04-02 00:46:01,H0,,47.2,49.5,44.7,48.1,
2013-04-02 01:46:01,H0,,47.1,49.5,44.7,47.9,
2013-04-02 02:46:01,H0,,47.1,49.5,44.7,47.9,
2013-04-02 03:46:01,H0,,47.1,49.5,44.9,47.8,
2013-04-02 04:46:01,H0,,47.0,49.7,45.1,47.9,
2013-04-02 05:46:01,H0,,47.0,49.6,45.1,47.6,
2013-04-02 06:46:01,H0,,47.0,49.7,45.2,47.9,
2013-04-02 07:46:01,H0,,46.9,49.6,44.9,47.3,
2013-04-02 08:46:01,H0,,46.1,49.1,44.7,47.7,
2013-04-02 09:46:01,H0,,45.8,48.8,44.2,47.9,
2013-04-02 10:54:33,H0,,,,,,"-28.1609,151.6496"
2013-04-02 11:30:48,H0,,46.4,49.0,44.1,48.8,
2013-04-02 12:30:48,H0,,46.9,48.9,44.1,49.3,
2013-04-02 13:30:48,H0,,47.0,49.1,44.1,49.9,
2013-04-02 14:30:48,H0,,47.3,49.2,44.2,50.2,
2013-04-02 15:30:48,H0,,47.3,49.3,44.4,50.5,
2013-04-02 16:30:48,H0,,47.6,49.3,44.3,50.8,
2013-04-02 17:30:48,H0,,47.8,49.5,44.7,51.1,
2013-04-02 18:30:48,H0,,48.3,49.9,44.8,51.5,
2013-04-02 19:30:48,H0,,48.3,50.0,45.1,51.3,
2013-04-02 20:30:48,H0,,48.3,49.9,45.0,51.0,
2013-04-02 21:30:48,H0,,48.5,49.9,45.0,51.0,
2013-04-02 22:30:48,H0,,48.3,50.0,45.1,50.6,
2013-04-02 23:30:25,H0,,,,,,"-28.1528,151.6138"
2013-04-03 00:05:51,H0,,48.2,50.0,45.2,50.4,
2013-04-03 01:05:51,H0,,48.3,50.0,45.2,50.6,
2013-04-03 02:05:51,H0,,48.2,50.0,45.2,50.6,
2013-04-03 03:05:51,H0,,48.3,50.0,45.2,50.4,
2013-04-03 04:05:51,H0,,48.3,50.0,45.4,50.2,
2013-04-03 05:05:51,H0,,48.1,50.1,45.5,50.0,
2013-04-03 06:05:51,H0,,48.2,50.0,45.2,49.8,
2013-04-03 07:05:51,H0,,48.2,49.9,45.2,49.7,
2013-04-03 08:05:51,H0,,47.7,49.8,45.1,50.0,
2013-04-03 09:05:51,H0,,47.1,49.3,44.8,50.1,
2013-04-03 10:05:51,H0,,46.9,49.0,44.7,50.5,
2013-04-03 11:05:51,H0,,47.4,49.1,44.4,51.1,
2013-04-03 12:48:10,H0,,47.6,49.2,44.3,51.8,
2013-04-03 13:48:10,H0,,48.0,49.3,44.5,52.1,
2013-04-03 14:48:10,H0,,48.2,49.4,44.0,52.7,
2013-04-03 15:48:10,H0,,48.6,49.5,44.2,52.7,
2013-04-03 16:48:10,H0,,48.9,50.0,44.7,53.3,
2013-04-03 17:48:10,H0,,48.8,50.0,44.8,53.1,
2013-04-03 18:48:10,H0,,49.3,50.2,44.9,53.3,
2013-04-03 19:48:10,H0,,49.7,50.8,45.8,53.3,
2013-04-03 20:48:10,H0,,49.4,50.4,45.7,52.8,
2013-04-03 21:48:10,H0,,49.4,50.5,45.4,52.8,
2013-04-03 22:48:10,H0,,49.4,50.5,45.5,52.8,
2013-04-03 23:48:10,H0,,49.3,50.5,45.4,52.8,
2013-04-04 00:52:03,H0,,,,,,"-28.174,149.9518"
2013-04-04 01:26:39,H0,,49.2,50.5,45.5,52.7,
2013-04-04 02:26:39,H0,,49.0,50.4,45.3,52.5,
2013-04-04 03:26:39,H0,,49.1,50.3,45.2,52.4,
2013-04-04 04:26:39,H0,,48.9,50.3,45.2,52.3,
2013-04-04 05:26:39,H0,,48.9,50.3,45.3,52.2,
2013-04-04 06:26:39,H0,,48.9,50.4,45.2,52.2,
2013-04-04 07:26:39,H0,,48.8,50.2,45.1,52.1,
2013-04-04 08:26:39,H0,,48.6,50.0,45.0,52.0,
2013-04-04 09:26:39,H0,,48.6,50.0,44.7,52.3,
2013-04-04 10:26:39,H0,,48.3,49.8,44.4,52.7,
2013-04-04 11:26:39,H0,,48.1,49.6,44.2,52.6,
2013-04-04 12:26:39,H0,,48.4,49.5,44.0,52.7,
2013-04-04 13:33:01,H0,,,,,,"-28.1528,151.6138"
2013-04-04 14:05:24,H0,,48.6,49.6,44.0,53.0,
2013-04-04 15:05:24,H0,,48.7,49.6,43.8,53.5,
2013-04-04 16:05:24,H0,,49.1,49.9,44.3,53.6,
2013-04-04 17:05:24,H0,,49.5,50.0,44.4,53.8,
2013-04-04 18:05:24,H0,,49.6,50.1,44.6,53.8,
2013-04-04 19:05:24,H0,,49.9,50.2,44.7,53.7,
2013-04-04 20:05:24,H0,,49.7,50.1,44.7,53.5,
2013-04-04 21:05:24,H0,,49.7,50.1,44.9,53.5,
2013-04-04 22:05:24,H0,,49.8,50.2,44.7,53.4,
2013-04-04 23:05:24,H0,,49.7,50.0,44.7,53.1,
2013-04-05 00:05:24,H0,,49.7,50.0,44.7,53.1,
2013-04-05 01:05:24,H0,,49.6,50.0,44.7,52.9,
2013-04-05 02:46:15,H0,,49.5,50.0,44.7,53.0,
2013-04-05 03:46:15,H0,,49.6,50.0,44.6,53.1,
2013-04-05 04:46:15,H0,,49.5,49.8,44.6,52.9,
2013-04-05 05:46:15,H0,,49.4,49.9,44.7,52.9,
2013-04-05 06:46:15,H0,,49.5,50.0,44.7,52.8,
2013-04-05 07:46:15,H0,,49.2,49.9,44.5,52.8,
2013-04-05 08:46:15,H0,,49.1,49.7,44.5,53.0,
2013-04-05 09:46:15,H0,,48.7,49.3,44.1,53.2,
2013-04-05 10:46:15,H0,,48.8,49.5,44.3,53.5,
2013-04-05 11:46:15,H0,,48.8,49.5,44.2,53.9,
2013-04-05 12:46:15,H0,,49.0,49.6,44.1,54.2,
2013-04-05 13:46:15,H0,,49.2,49.7,43.9,54.4,
2013-04-05 14:53:31,H0,,,,,,"-28.1927,151.6496"
2013-04-05 15:21:08,H0,,49.3,49.7,43.9,54.6,
2013-04-05 16:21:08,H0,,49.6,49.9,44.1,55.1,
2013-04-05 17:21:08,H0,,49.9,50.1,44.3,55.3,
2013-04-05 18:21:08,H0,,50.1,50.4,44.8,55.0,
2013-04-05 19:21:08,H0,,50.1,50.4,44.7,54.6,
2013-04-05 20:21:08,H0,,50.1,50.2,44.7,54.6,
2013-04-05 21:21:08,H0,,50.1,50.1,44.7,54.7,
2013-04-05 22:21:08,H0,,50.0,50.0,44.6,54.5,
2013-04-05 23:21:08,H0,,49.9,50.2,44.7,54.5,
2013-04-06 00:21:08,H0,,50.0,50.3,44.8,54.5,
2013-04-06 01:21:08,H0,,50.0,50.2,44.7,54.3,
2013-04-06 02:21:08,H0,,49.9,50.1,44.7,54.3,
2013-04-06 04:06:44,H0,,49.9,50.1,44.7,54.2,
2013-04-06 05:06:44,H0,,49.9,50.1,44.7,54.2,
2013-04-06 06:06:44,H0,,49.8,50.2,44.7,54.1,
2013-04-06 07:06:44,H0,,49.8,50.1,44.5,54.1,
2013-04-06 08:06:44,H0,,49.6,49.9,44.5,54.2,
2013-04-06 09:06:44,H0,,49.4,50.0,44.5,54.2,
2013-04-06 10:06:44,H0,,49.5,49.8,44.3,54.2,
2013-04-06 11:06:44,H0,,49.4,49.8,44.2,54.7,
2013-04-06 12:06:44,H0,,49.6,49.7,44.3,54.8,
2013-04-06 13:06:44,H0,,49.9,49.8,44.1,55.2,
2013-04-06 14:06:44,H0,,50.1,49.8,44.1,55.4,
2013-04-06 15:06:44,H0,,50.1,49.8,44.2,55.7,
2013-04-06 16:35:34,H0,,,,,,"-28.2077,151.6302"
2013-04-06 16:48:58,H0,,50.5,50.1,44.4,56.1,
2013-04-06 17:48:58,H0,,50.9,50.2,44.6,56.1,
2013-04-06 18:48:58,H0,,50.9,50.4,44.7,56.1,
2013-04-06 19:48:58,H0,,51.0,50.4,44.7,56.1,
2013-04-06 20:48:58,H0,,51.0,50.5,44.8,55.7,
2013-04-06 21:48:58,H0,,51.0,50.4,44.7,55.7,
2013-04-06 22:48:58,H0,,51.0,50.2,44.7,55.5,
2013-04-06 23:48:58,H0,,50.9,50.5,44.8,55.5,
2013-04-07 00:48:58,H0,,50.8,50.3,44.7,55.5,
2013-04-07 01:48:58,H0,,50.7,50.2,44.8,55.5,
2013-04-07 02:48:58,H0,,50.7,50.4,44.7,55.3,
2013-04-07 02:48:58,H0,,50.7,50.3,44.8,55.3,
2013-04-07 04:23:33,H0,,,,,,"-28.1609,151.6496"
2013-04-07 04:36:24,H0,,50.5,50.3,45.1,55.3,
2013-04-07 05:36:24,H0,,50.6,50.3,44.9,55.2,
2013-04-07 06:36:24,H0,,50.6,50.4,44.8,55.2,
2013-04-07 07:36:24,H0,,50.2,50.0,44.7,54.9,
2013-04-07 08:36:24,H0,,49.6,49.7,44.5,55.1,
2013-04-07 09:36:24,H0,,49.7,49.7,44.3,55.7,
2013-04-07 10:36:24,H0,,49.9,49.6,44.1,56.4,
2013-04-07 11:36:24,H0,,50.4,49.9,44.0,57.1,
2013-04-07 12:36:24,H0,,50.6,50.0,43.9,57.3,
2013-04-07 13:36:24,H0,,50.9,50.0,44.1,57.7,
2013-04-07 14:36:24,H0,,51.0,50.1,44.1,57.8,
2013-04-07 15:36:24,H0,,51.4,50.3,44.1,57.8,
2013-04-07 17:10:32,H0,,51.9,50.8,44.6,58.2,
2013-04-07 18:10:32,H0,,52.1,50.9,44.9,58.0,
2013-04-07 19:10:32,H0,,52.0,50.9,44.8,57.5,
2013-04-07 20:10:32,H0,,52.0,50.8,44.7,57.4,
2013-04-07 21:10:32,H0,,52.0,50.7,44.7,57.3,
2013-04-07 22:10:32,H0,,52.0,50.9,44.8,57.2,
2013-04-07 23:10:32,H0,,51.9,50.8,44.8,57.1,
2013-04-08 00:10:32,H0,,51.9,50.8,45.0,57.1,
2013-04-08 01:10:32,H0,,51.8,50.9,44.8,57.1,
2013-04-08 02:10:32,H0,,51.8,50.8,44.9,57.0,
2013-04-08 03:10:32,H0,,51.7,50.7,44.7,56.9,
2013-04-08 04:10:32,H0,,51.7,50.8,44.7,56.9,
2013-04-08 05:47:40,H0,,,,,,"-28.1279,152.2509"
2013-04-08 05:58:08,H0,,51.6,50.8,44.9,56.8,
2013-04-08 06:58:08,H0,,51.4,50.5,44.7,56.6,
2013-04-08 07:58:08,H0,,51.0,50.5,44.6,56.4,
2013-04-08 08:58:08,H0,,50.7,50.1,44.4,57.0,
2013-04-08 09:58:08,H0,,50.8,50.2,44.2,57.6,
2013-04-08 10:58:08,H0,,51.3,50.1,44.1,58.0,
2013-04-08 11:58:08,H0,,51.5,50.1,44.0,58.5,
2013-04-08 12:58:08,H0,,51.6,50.3,44.1,58.6,
2013-04-08 13:58:08,H0,,51.7,50.4,44.0,59.0,
2013-04-08 14:58:08,H0,,52.1,50.5,44.2,58.8,
2013-04-08 15:58:08,H0,,52.4,50.8,44.3,58.9,
2013-04-08 16:58:08,H0,,52.7,51.2,44.7,59.2,
2013-04-08 18:20:12,H0,,,,,,"-28.1528,151.6138"
2013-04-08 18:30:25,H0,,53.1,51.4,44.9,59.1,
2013-04-08 19:30:25,H0,,52.9,51.3,44.7,58.8,
2013-04-08 20:30:25,H0,,53.0,51.3,44.9,58.6,
2013-04-08 21:30:25,H0,,52.9,51.2,44.8,58.6,
2013-04-08 22:30:25,H0,,52.8,51.3,45.0,58.3,
2013-04-08 23:30:25,H0,,52.8,51.4,44.9,58.2,
2013-04-09 00:30:25,H0,,52.8,51.3,44.9,58.1,
2013-04-09 01:30:25,H0,,52.8,51.2,44.9,58.0,
2013-04-09 02:30:25,H0,,52.7,51.1,45.0,57.8,
2013-04-09 03:30:25,H0,,52.7,51.2,44.9,58.0,
2013-04-09 04:30:25,H0,,52.7,51.1,44.8,58.0,
2013-04-09 05:30:25,H0,,52.6,51.1,44.8,57.9,
2013-04-09 07:19:12,H0,,52.3,50.9,44.8,57.7,
2013-04-09 08:19:12,H0,,51.9,50.9,44.7,57.8,
2013-04-09 09:19:12,H0,,51.7,50.7,44.4,58.0,
2013-04-09 10:19:12,H0,,51.8,50.7,44.4,58.7,
2013-04-09 11:19:12,H0,,52.1,50.5,44.3,59.1,
2013-04-09 12:19:12,H0,,52.2,50.6,44.0,59.4,
2013-04-09 13:19:12,H0,,52.4,50.7,44.1,59.7,
2013-04-09 14:19:12,H0,,52.9,50.8,44.3,59.8,
2013-04-09 15:19:12,H0,,53.2,51.0,44.4,59.9,
2013-04-09 16:19:12,H0,,53.4,51.3,44.7,59.9,
2013-04-09 17:19:12,H0,,53.8,51.6,45.0,60.1,
2013-04-09 18:19:12,H0,,54.0,51.7,45.1,59.9,
2013-04-09 19:52:07,H0,,,,,,"-28.1539,151.7047"
2013-04-09 19:53:16,H0,,53.9,51.7,45.0,59.7,
2013-04-09 20:53:16,H0,,53.8,51.6,45.0,59.4,
2013-04-09 21:53:16,H0,,53.8,51.6,45.0,59.3,
2013-04-09 22:53:16,H0,,53.8,51.5,44.8,59.3,
2013-04-09 23:53:16,H0,,53.7,51.6,44.9,59.2,
2013-04-10 00:53:16,H0,,53.7,51.5,45.2,59.1,
2013-04-10 01:53:16,H0,,53.6,51.6,45.1,59.1,
2013-04-10 02:53:16,H0,,53.6,51.6,45.1,59.0,
2013-04-10 03:53:16,H0,,53.6,51.5,44.9,58.9,
2013-04-10 04:53:16,H0,,53.6,51.6,45.1,59.0,
2013-04-10 05:53:16,H0,,53.5,51.4,45.1,58.8,
2013-04-10 06:53:16,H0,,53.2,51.4,44.9,58.5,
2013-04-10 07:53:16,H0,,52.7,51.1,44.7,58.9,
2013-04-10 08:41:24,H0,,,,,,"-28.2077,151.6302"
2013-04-10 09:40:26,H0,,52.6,50.8,44.5,59.4,
2013-04-10 10:40:26,H0,,52.8,50.8,44.2,59.8,
2013-04-10 11:40:26,H0,,53.2,50.8,44.3,60.2,
2013-04-10 12:40:26,H0,,53.4,50.9,44.2,60.5,
2013-04-10 13:40:26,H0,,53.9,51.0,44.3,60.5,
2013-04-10 14:40:26,H0,,54.2,51.3,44.6,60.7,
2013-04-10 15:40:26,H0,,54.5,51.6,44.7,60.6,
2013-04-10 16:40:26,H0,,54.9,51.8,44.9,60.8,
2013-04-10 17:40:26,H0,,55.0,52.0,45.2,60.6,
2013-04-10 18:40:26,H0,,55.0,52.1,45.2,60.6,
2013-04-10 19:40:26,H0,,55.0,52.1,45.2,60.4,
2013-04-10 20:40:26,H0,,55.1,52.0,45.2,60.2,
2013-04-10 21:14:21,H0,,,,,,"-28.1927,151.6496"
